County,Election Date,Precinct,Contest Group ID,Contest Type,Contest Name,Choice,Choice Party,Vote For,Election Day,One Stop,Absentee by Mail,Provisional,Total Votes,Real Precinct
JOHNSTON,5/17/22,ABSENTEE,20,C,TOWN OF SMITHFIELD MAYOR,Write-In (Miscellaneous),,1,0,0,0,0,0,N
JOHNSTON,5/17/22,OS ARCHER LODGE,21,C,TOWN OF SMITHFIELD TOWN COUNCIL MEMBER DISTRICT 01,Write-In (Miscellaneous),,1,0,0,0,0,0,N
JOHNSTON,5/17/22,OS ARCHER LODGE,22,C,TOWN OF SMITHFIELD TOWN COUNCIL MEMBER DISTRICT 02,Sloan Stevens, ,1,0,0,0,0,0,N
JOHNSTON,5/17/22,PROVISIONAL,22,C,TOWN OF SMITHFIELD TOWN COUNCIL MEMBER DISTRICT 02,Write-In (Miscellaneous),,1,0,0,0,0,0,N
JOHNSTON,5/17/22,PROVISIONAL,23,C,TOWN OF SMITHFIELD TOWN COUNCIL MEMBER DISTRICT 03,Travis J. Scott, ,1,0,0,0,0,0,N
JOHNSTON,5/17/22,PROVISIONAL,23,C,TOWN OF SMITHFIELD TOWN COUNCIL MEMBER DISTRICT 03,Write-In (Miscellaneous),,1,0,0,0,0,0,N
JOHNSTON,5/17/22,TRANSFER,20,C,TOWN OF SMITHFIELD MAYOR,Write-In (Miscellaneous),,1,0,0,0,0,0,N
JOHNSTON,5/17/22,TRANSFER,24,C,TOWN OF SMITHFIELD TOWN COUNCIL MEMBER DISTRICT 04,Doris Louise Wallace, ,1,0,0,0,0,0,N
JOHNSTON,5/17/22,TRANSFER,21,C,TOWN OF SMITHFIELD TOWN COUNCIL MEMBER DISTRICT 01,Marlon Lee, ,1,1,0,0,0,1,N
JOHNSTON,5/17/22,PROVISIONAL,22,C,TOWN OF SMITHFIELD TOWN COUNCIL MEMBER DISTRICT 02,Elizabeth Anne Temple, ,1,0,0,0,0,0,N
JOHNSTON,5/17/22,TRANSFER,22,C,TOWN OF SMITHFIELD TOWN COUNCIL MEMBER DISTRICT 02,Elizabeth Anne Temple, ,1,0,0,0,0,0,N
JOHNSTON,5/17/22,ABSENTEE,23,C,TOWN OF SMITHFIELD TOWN COUNCIL MEMBER DISTRICT 03,Travis J. Scott, ,1,0,0,5,0,5,N
JOHNSTON,5/17/22,OS CLAYTON,24,C,TOWN OF SMITHFIELD TOWN COUNCIL MEMBER DISTRICT 04,Doris Louise Wallace, ,1,0,0,0,0,0,N
JOHNSTON,5/17/22,OS CLEVELAND,24,C,TOWN OF SMITHFIELD TOWN COUNCIL MEMBER DISTRICT 04,Write-In (Miscellaneous),,1,0,0,0,0,0,N
JOHNSTON,5/17/22,OS CLEVELAND,22,C,TOWN OF SMITHFIELD TOWN COUNCIL MEMBER DISTRICT 02,Sloan Stevens, ,1,0,0,0,0,0,N
JOHNSTON,5/17/22,OS CLEVELAND,24,C,TOWN OF SMITHFIELD TOWN COUNCIL MEMBER DISTRICT 04,David Barbour, ,1,0,0,0,0,0,N
JOHNSTON,5/17/22,OS SMITHFIELD,24,C,TOWN OF SMITHFIELD TOWN COUNCIL MEMBER DISTRICT 04,Doris Louise Wallace, ,1,0,66,0,0,66,N
JOHNSTON,5/17/22,OS ARCHER LODGE,24,C,TOWN OF SMITHFIELD TOWN COUNCIL MEMBER DISTRICT 04,David Barbour, ,1,0,1,0,0,1,N
JOHNSTON,5/17/22,OS CLAYTON,22,C,TOWN OF SMITHFIELD TOWN COUNCIL MEMBER DISTRICT 02,Write-In (Miscellaneous),,1,0,0,0,0,0,N
JOHNSTON,5/17/22,OS CLAYTON,23,C,TOWN OF SMITHFIELD TOWN COUNCIL MEMBER DISTRICT 03,Write-In (Miscellaneous),,1,0,0,0,0,0,N
JOHNSTON,5/17/22,ABSENTEE,21,C,TOWN OF SMITHFIELD TOWN COUNCIL MEMBER DISTRICT 01,Write-In (Miscellaneous),,1,0,0,0,0,0,N
JOHNSTON,5/17/22,OS ARCHER LODGE,24,C,TOWN OF SMITHFIELD TOWN COUNCIL MEMBER DISTRICT 04,Write-In (Miscellaneous),,1,0,0,0,0,0,N
JOHNSTON,5/17/22,OS CLAYTON,21,C,TOWN OF SMITHFIELD TOWN COUNCIL MEMBER DISTRICT 01,Write-In (Miscellaneous),,1,0,1,0,0,1,N
JOHNSTON,5/17/22,OS CLEVELAND,22,C,TOWN OF SMITHFIELD TOWN COUNCIL MEMBER DISTRICT 02,Write-In (Miscellaneous),,1,0,0,0,0,0,N
JOHNSTON,5/17/22,OS CLEVELAND,23,C,TOWN OF SMITHFIELD TOWN COUNCIL MEMBER DISTRICT 03,Write-In (Miscellaneous),,1,0,0,0,0,0,N
JOHNSTON,5/17/22,ABSENTEE,20,C,TOWN OF SMITHFIELD MAYOR,Andy Moore, ,1,0,0,28,0,28,N
JOHNSTON,5/17/22,ABSENTEE,22,C,TOWN OF SMITHFIELD TOWN COUNCIL MEMBER DISTRICT 02,Elizabeth Anne Temple, ,1,0,0,8,0,8,N
JOHNSTON,5/17/22,OS CLAYTON,24,C,TOWN OF SMITHFIELD TOWN COUNCIL MEMBER DISTRICT 04,David Barbour, ,1,0,1,0,0,1,N
JOHNSTON,5/17/22,OS CLEVELAND,24,C,TOWN OF SMITHFIELD TOWN COUNCIL MEMBER DISTRICT 04,Doris Louise Wallace, ,1,0,1,0,0,1,N
JOHNSTON,5/17/22,OS SMITHFIELD,20,C,TOWN OF SMITHFIELD MAYOR,Andy Moore, ,1,0,616,0,0,616,N
JOHNSTON,5/17/22,OS SMITHFIELD,22,C,TOWN OF SMITHFIELD TOWN COUNCIL MEMBER DISTRICT 02,Sloan Stevens, ,1,0,169,0,0,169,N
JOHNSTON,5/17/22,OS SMITHFIELD,24,C,TOWN OF SMITHFIELD TOWN COUNCIL MEMBER DISTRICT 04,David Barbour, ,1,0,99,0,0,99,N
JOHNSTON,5/17/22,PR27B,24,C,TOWN OF SMITHFIELD TOWN COUNCIL MEMBER DISTRICT 04,Doris Louise Wallace, ,1,24,0,0,0,24,Y
JOHNSTON,5/17/22,TRANSFER,21,C,TOWN OF SMITHFIELD TOWN COUNCIL MEMBER DISTRICT 01,Write-In (Miscellaneous),,1,0,0,0,0,0,N
JOHNSTON,5/17/22,PR27A,24,C,TOWN OF SMITHFIELD TOWN COUNCIL MEMBER DISTRICT 04,Write-In (Miscellaneous),,1,0,0,0,0,0,Y
JOHNSTON,5/17/22,PR27B,20,C,TOWN OF SMITHFIELD MAYOR,Andy Moore, ,1,91,0,0,0,91,Y
JOHNSTON,5/17/22,PR28,22,C,TOWN OF SMITHFIELD TOWN COUNCIL MEMBER DISTRICT 02,Sloan Stevens, ,1,227,0,0,0,227,Y
JOHNSTON,5/17/22,PR28,24,C,TOWN OF SMITHFIELD TOWN COUNCIL MEMBER DISTRICT 04,David Barbour, ,1,2,0,0,0,2,Y
JOHNSTON,5/17/22,TRANSFER,24,C,TOWN OF SMITHFIELD TOWN COUNCIL MEMBER DISTRICT 04,Write-In (Miscellaneous),,1,0,0,0,0,0,N
JOHNSTON,5/17/22,PR27A,20,C,TOWN OF SMITHFIELD MAYOR,Write-In (Miscellaneous),,1,5,0,0,0,5,Y
JOHNSTON,5/17/22,PR27A,21,C,TOWN OF SMITHFIELD TOWN COUNCIL MEMBER DISTRICT 01,Marlon Lee, ,1,2,0,0,0,2,Y
JOHNSTON,5/17/22,OS ARCHER LODGE,21,C,TOWN OF SMITHFIELD TOWN COUNCIL MEMBER DISTRICT 01,Marlon Lee, ,1,0,1,0,0,1,N
JOHNSTON,5/17/22,OS CLAYTON,20,C,TOWN OF SMITHFIELD MAYOR,Andy Moore, ,1,0,2,0,0,2,N
JOHNSTON,5/17/22,OS CLEVELAND,23,C,TOWN OF SMITHFIELD TOWN COUNCIL MEMBER DISTRICT 03,Travis J. Scott, ,1,0,1,0,0,1,N
JOHNSTON,5/17/22,PR26,20,C,TOWN OF SMITHFIELD MAYOR,Andy Moore, ,1,80,0,0,0,80,Y
JOHNSTON,5/17/22,PR26,21,C,TOWN OF SMITHFIELD TOWN COUNCIL MEMBER DISTRICT 01,Write-In (Miscellaneous),,1,1,0,0,0,1,Y
JOHNSTON,5/17/22,ABSENTEE,22,C,TOWN OF SMITHFIELD TOWN COUNCIL MEMBER DISTRICT 02,Sloan Stevens, ,1,0,0,3,0,3,N
JOHNSTON,5/17/22,ABSENTEE,24,C,TOWN OF SMITHFIELD TOWN COUNCIL MEMBER DISTRICT 04,David Barbour, ,1,0,0,3,0,3,N
JOHNSTON,5/17/22,OS ARCHER LODGE,20,C,TOWN OF SMITHFIELD MAYOR,Write-In (Miscellaneous),,1,0,0,0,0,0,N
JOHNSTON,5/17/22,OS ARCHER LODGE,22,C,TOWN OF SMITHFIELD TOWN COUNCIL MEMBER DISTRICT 02,Elizabeth Anne Temple, ,1,0,0,0,0,0,N
JOHNSTON,5/17/22,OS ARCHER LODGE,23,C,TOWN OF SMITHFIELD TOWN COUNCIL MEMBER DISTRICT 03,Travis J. Scott, ,1,0,0,0,0,0,N
JOHNSTON,5/17/22,OS SMITHFIELD,21,C,TOWN OF SMITHFIELD TOWN COUNCIL MEMBER DISTRICT 01,Marlon Lee, ,1,0,150,0,0,150,N
JOHNSTON,5/17/22,OS SMITHFIELD,21,C,TOWN OF SMITHFIELD TOWN COUNCIL MEMBER DISTRICT 01,Write-In (Miscellaneous),,1,0,3,0,0,3,N
JOHNSTON,5/17/22,TRANSFER,22,C,TOWN OF SMITHFIELD TOWN COUNCIL MEMBER DISTRICT 02,Write-In (Miscellaneous),,1,0,0,0,0,0,N
JOHNSTON,5/17/22,TRANSFER,23,C,TOWN OF SMITHFIELD TOWN COUNCIL MEMBER DISTRICT 03,Write-In (Miscellaneous),,1,0,0,0,0,0,N
JOHNSTON,5/17/22,PR27B,23,C,TOWN OF SMITHFIELD TOWN COUNCIL MEMBER DISTRICT 03,Travis J. Scott, ,1,0,0,0,0,0,Y
JOHNSTON,5/17/22,PR28,22,C,TOWN OF SMITHFIELD TOWN COUNCIL MEMBER DISTRICT 02,Elizabeth Anne Temple, ,1,51,0,0,0,51,Y
JOHNSTON,5/17/22,PR28,22,C,TOWN OF SMITHFIELD TOWN COUNCIL MEMBER DISTRICT 02,Write-In (Miscellaneous),,1,3,0,0,0,3,Y
JOHNSTON,5/17/22,PR28,23,C,TOWN OF SMITHFIELD TOWN COUNCIL MEMBER DISTRICT 03,Travis J. Scott, ,1,4,0,0,0,4,Y
JOHNSTON,5/17/22,PR28,23,C,TOWN OF SMITHFIELD TOWN COUNCIL MEMBER DISTRICT 03,Write-In (Miscellaneous),,1,0,0,0,0,0,Y
JOHNSTON,5/17/22,TRANSFER,20,C,TOWN OF SMITHFIELD MAYOR,Andy Moore, ,1,3,0,0,0,3,N
JOHNSTON,5/17/22,TRANSFER,22,C,TOWN OF SMITHFIELD TOWN COUNCIL MEMBER DISTRICT 02,Sloan Stevens, ,1,0,0,0,0,0,N
JOHNSTON,5/17/22,PR26,22,C,TOWN OF SMITHFIELD TOWN COUNCIL MEMBER DISTRICT 02,Elizabeth Anne Temple, ,1,6,0,0,0,6,Y
JOHNSTON,5/17/22,PR26,20,C,TOWN OF SMITHFIELD MAYOR,Write-In (Miscellaneous),,1,5,0,0,0,5,Y
JOHNSTON,5/17/22,PR27A,21,C,TOWN OF SMITHFIELD TOWN COUNCIL MEMBER DISTRICT 01,Write-In (Miscellaneous),,1,0,0,0,0,0,Y
JOHNSTON,5/17/22,PROVISIONAL,24,C,TOWN OF SMITHFIELD TOWN COUNCIL MEMBER DISTRICT 04,Write-In (Miscellaneous),,1,0,0,0,0,0,N
JOHNSTON,5/17/22,TRANSFER,23,C,TOWN OF SMITHFIELD TOWN COUNCIL MEMBER DISTRICT 03,Travis J. Scott, ,1,0,0,0,0,0,N
JOHNSTON,5/17/22,OS ARCHER LODGE,24,C,TOWN OF SMITHFIELD TOWN COUNCIL MEMBER DISTRICT 04,Doris Louise Wallace, ,1,0,0,0,0,0,N
JOHNSTON,5/17/22,OS CLAYTON,23,C,TOWN OF SMITHFIELD TOWN COUNCIL MEMBER DISTRICT 03,Travis J. Scott, ,1,0,0,0,0,0,N
JOHNSTON,5/17/22,OS SMITHFIELD,22,C,TOWN OF SMITHFIELD TOWN COUNCIL MEMBER DISTRICT 02,Elizabeth Anne Temple, ,1,0,62,0,0,62,N
JOHNSTON,5/17/22,OS SMITHFIELD,24,C,TOWN OF SMITHFIELD TOWN COUNCIL MEMBER DISTRICT 04,Write-In (Miscellaneous),,1,0,1,0,0,1,N
JOHNSTON,5/17/22,PR26,23,C,TOWN OF SMITHFIELD TOWN COUNCIL MEMBER DISTRICT 03,Travis J. Scott, ,1,16,0,0,0,16,Y
JOHNSTON,5/17/22,PR27A,20,C,TOWN OF SMITHFIELD MAYOR,Andy Moore, ,1,144,0,0,0,144,Y
JOHNSTON,5/17/22,PR28,21,C,TOWN OF SMITHFIELD TOWN COUNCIL MEMBER DISTRICT 01,Marlon Lee, ,1,24,0,0,0,24,Y
JOHNSTON,5/17/22,PR28,21,C,TOWN OF SMITHFIELD TOWN COUNCIL MEMBER DISTRICT 01,Write-In (Miscellaneous),,1,4,0,0,0,4,Y
JOHNSTON,5/17/22,PR27B,23,C,TOWN OF SMITHFIELD TOWN COUNCIL MEMBER DISTRICT 03,Write-In (Miscellaneous),,1,0,0,0,0,0,Y
JOHNSTON,5/17/22,PR28,24,C,TOWN OF SMITHFIELD TOWN COUNCIL MEMBER DISTRICT 04,Doris Louise Wallace, ,1,1,0,0,0,1,Y
JOHNSTON,5/17/22,ABSENTEE,21,C,TOWN OF SMITHFIELD TOWN COUNCIL MEMBER DISTRICT 01,Marlon Lee, ,1,0,0,5,0,5,N
JOHNSTON,5/17/22,OS CLAYTON,21,C,TOWN OF SMITHFIELD TOWN COUNCIL MEMBER DISTRICT 01,Marlon Lee, ,1,0,1,0,0,1,N
JOHNSTON,5/17/22,OS CLEVELAND,21,C,TOWN OF SMITHFIELD TOWN COUNCIL MEMBER DISTRICT 01,Marlon Lee, ,1,0,0,0,0,0,N
JOHNSTON,5/17/22,OS CLEVELAND,21,C,TOWN OF SMITHFIELD TOWN COUNCIL MEMBER DISTRICT 01,Write-In (Miscellaneous),,1,0,0,0,0,0,N
JOHNSTON,5/17/22,ABSENTEE,24,C,TOWN OF SMITHFIELD TOWN COUNCIL MEMBER DISTRICT 04,Doris Louise Wallace, ,1,0,0,5,0,5,N
JOHNSTON,5/17/22,PR27B,20,C,TOWN OF SMITHFIELD MAYOR,Write-In (Miscellaneous),,1,5,0,0,0,5,Y
JOHNSTON,5/17/22,OS ARCHER LODGE,20,C,TOWN OF SMITHFIELD MAYOR,Andy Moore, ,1,0,1,0,0,1,N
JOHNSTON,5/17/22,OS SMITHFIELD,22,C,TOWN OF SMITHFIELD TOWN COUNCIL MEMBER DISTRICT 02,Write-In (Miscellaneous),,1,0,3,0,0,3,N
JOHNSTON,5/17/22,OS SMITHFIELD,23,C,TOWN OF SMITHFIELD TOWN COUNCIL MEMBER DISTRICT 03,Travis J. Scott, ,1,0,155,0,0,155,N
JOHNSTON,5/17/22,OS SMITHFIELD,23,C,TOWN OF SMITHFIELD TOWN COUNCIL MEMBER DISTRICT 03,Write-In (Miscellaneous),,1,0,8,0,0,8,N
JOHNSTON,5/17/22,OS SMITHFIELD,20,C,TOWN OF SMITHFIELD MAYOR,Write-In (Miscellaneous),,1,0,39,0,0,39,N
JOHNSTON,5/17/22,PROVISIONAL,21,C,TOWN OF SMITHFIELD TOWN COUNCIL MEMBER DISTRICT 01,Marlon Lee, ,1,0,0,0,0,0,N
JOHNSTON,5/17/22,PROVISIONAL,21,C,TOWN OF SMITHFIELD TOWN COUNCIL MEMBER DISTRICT 01,Write-In (Miscellaneous),,1,0,0,0,0,0,N
JOHNSTON,5/17/22,PROVISIONAL,24,C,TOWN OF SMITHFIELD TOWN COUNCIL MEMBER DISTRICT 04,Doris Louise Wallace, ,1,0,0,0,0,0,N
JOHNSTON,5/17/22,PROVISIONAL,22,C,TOWN OF SMITHFIELD TOWN COUNCIL MEMBER DISTRICT 02,Sloan Stevens, ,1,0,0,0,0,0,N
JOHNSTON,5/17/22,PROVISIONAL,24,C,TOWN OF SMITHFIELD TOWN COUNCIL MEMBER DISTRICT 04,David Barbour, ,1,0,0,0,0,0,N
JOHNSTON,5/17/22,PR26,21,C,TOWN OF SMITHFIELD TOWN COUNCIL MEMBER DISTRICT 01,Marlon Lee, ,1,66,0,0,0,66,Y
JOHNSTON,5/17/22,PR28,20,C,TOWN OF SMITHFIELD MAYOR,Write-In (Miscellaneous),,1,6,0,0,0,6,Y
JOHNSTON,5/17/22,OS ARCHER LODGE,22,C,TOWN OF SMITHFIELD TOWN COUNCIL MEMBER DISTRICT 02,Write-In (Miscellaneous),,1,0,0,0,0,0,N
JOHNSTON,5/17/22,OS ARCHER LODGE,23,C,TOWN OF SMITHFIELD TOWN COUNCIL MEMBER DISTRICT 03,Write-In (Miscellaneous),,1,0,0,0,0,0,N
JOHNSTON,5/17/22,PR27B,24,C,TOWN OF SMITHFIELD TOWN COUNCIL MEMBER DISTRICT 04,David Barbour, ,1,81,0,0,0,81,Y
JOHNSTON,5/17/22,PR27A,23,C,TOWN OF SMITHFIELD TOWN COUNCIL MEMBER DISTRICT 03,Travis J. Scott, ,1,114,0,0,0,114,Y
JOHNSTON,5/17/22,PR26,22,C,TOWN OF SMITHFIELD TOWN COUNCIL MEMBER DISTRICT 02,Sloan Stevens, ,1,13,0,0,0,13,Y
JOHNSTON,5/17/22,PR27A,23,C,TOWN OF SMITHFIELD TOWN COUNCIL MEMBER DISTRICT 03,Write-In (Miscellaneous),,1,7,0,0,0,7,Y
JOHNSTON,5/17/22,PR27B,24,C,TOWN OF SMITHFIELD TOWN COUNCIL MEMBER DISTRICT 04,Write-In (Miscellaneous),,1,4,0,0,0,4,Y
JOHNSTON,5/17/22,PR26,22,C,TOWN OF SMITHFIELD TOWN COUNCIL MEMBER DISTRICT 02,Write-In (Miscellaneous),,1,1,0,0,0,1,Y
JOHNSTON,5/17/22,PR26,23,C,TOWN OF SMITHFIELD TOWN COUNCIL MEMBER DISTRICT 03,Write-In (Miscellaneous),,1,1,0,0,0,1,Y
JOHNSTON,5/17/22,PR27A,24,C,TOWN OF SMITHFIELD TOWN COUNCIL MEMBER DISTRICT 04,David Barbour, ,1,21,0,0,0,21,Y
JOHNSTON,5/17/22,PR28,20,C,TOWN OF SMITHFIELD MAYOR,Andy Moore, ,1,291,0,0,0,291,Y
JOHNSTON,5/17/22,PR28,24,C,TOWN OF SMITHFIELD TOWN COUNCIL MEMBER DISTRICT 04,Write-In (Miscellaneous),,1,0,0,0,0,0,Y
JOHNSTON,5/17/22,PROVISIONAL,20,C,TOWN OF SMITHFIELD MAYOR,Andy Moore, ,1,0,0,0,0,0,N
JOHNSTON,5/17/22,TRANSFER,24,C,TOWN OF SMITHFIELD TOWN COUNCIL MEMBER DISTRICT 04,David Barbour, ,1,1,0,0,0,1,N
JOHNSTON,5/17/22,ABSENTEE,24,C,TOWN OF SMITHFIELD TOWN COUNCIL MEMBER DISTRICT 04,Write-In (Miscellaneous),,1,0,0,0,0,0,N
JOHNSTON,5/17/22,OS CLAYTON,24,C,TOWN OF SMITHFIELD TOWN COUNCIL MEMBER DISTRICT 04,Write-In (Miscellaneous),,1,0,0,0,0,0,N
JOHNSTON,5/17/22,OS CLEVELAND,20,C,TOWN OF SMITHFIELD MAYOR,Andy Moore, ,1,0,2,0,0,2,N
JOHNSTON,5/17/22,ABSENTEE,22,C,TOWN OF SMITHFIELD TOWN COUNCIL MEMBER DISTRICT 02,Write-In (Miscellaneous),,1,0,0,0,0,0,N
JOHNSTON,5/17/22,ABSENTEE,23,C,TOWN OF SMITHFIELD TOWN COUNCIL MEMBER DISTRICT 03,Write-In (Miscellaneous),,1,0,0,0,0,0,N
JOHNSTON,5/17/22,OS CLAYTON,22,C,TOWN OF SMITHFIELD TOWN COUNCIL MEMBER DISTRICT 02,Elizabeth Anne Temple, ,1,0,0,0,0,0,N
JOHNSTON,5/17/22,PR27A,24,C,TOWN OF SMITHFIELD TOWN COUNCIL MEMBER DISTRICT 04,Doris Louise Wallace, ,1,1,0,0,0,1,Y
JOHNSTON,5/17/22,PROVISIONAL,20,C,TOWN OF SMITHFIELD MAYOR,Write-In (Miscellaneous),,1,0,0,0,0,0,N
JOHNSTON,5/17/22,OS CLEVELAND,20,C,TOWN OF SMITHFIELD MAYOR,Write-In (Miscellaneous),,1,0,0,0,0,0,N
JOHNSTON,5/17/22,OS CLEVELAND,22,C,TOWN OF SMITHFIELD TOWN COUNCIL MEMBER DISTRICT 02,Elizabeth Anne Temple, ,1,0,0,0,0,0,N
JOHNSTON,5/17/22,OS CLAYTON,20,C,TOWN OF SMITHFIELD MAYOR,Write-In (Miscellaneous),,1,0,1,0,0,1,N
JOHNSTON,5/17/22,OS CLAYTON,22,C,TOWN OF SMITHFIELD TOWN COUNCIL MEMBER DISTRICT 02,Sloan Stevens, ,1,0,0,0,0,0,N
JOHNSTON,11/7/23,PR24,20,C,TOWN OF SMITHFIELD MAYOR,Andy Moore, ,1,2,3,0,0,5,Y
JOHNSTON,11/7/23,PR24,20,C,TOWN OF SMITHFIELD MAYOR,Marlon Lee, ,1,3,2,0,0,5,Y
JOHNSTON,11/7/23,PR24,20,C,TOWN OF SMITHFIELD MAYOR,Write-In (Miscellaneous),,1,0,0,0,0,0,Y
JOHNSTON,11/7/23,PR24,21,C,TOWN OF SMITHFIELD TOWN COUNCIL MEMBERS AT-LARGE,Doris Louise Wallace, ,3,2,2,0,0,4,Y
JOHNSTON,11/7/23,PR24,21,C,TOWN OF SMITHFIELD TOWN COUNCIL MEMBERS AT-LARGE,Felicia C. Baxter, ,3,1,3,0,0,4,Y
JOHNSTON,11/7/23,PR24,21,C,TOWN OF SMITHFIELD TOWN COUNCIL MEMBERS AT-LARGE,John A. Dunn, ,3,3,2,0,0,5,Y
JOHNSTON,11/7/23,PR24,21,C,TOWN OF SMITHFIELD TOWN COUNCIL MEMBERS AT-LARGE,Roger A. Wood, ,3,3,2,0,0,5,Y
JOHNSTON,11/7/23,PR24,21,C,TOWN OF SMITHFIELD TOWN COUNCIL MEMBERS AT-LARGE,Stephen Rabil, ,3,2,0,0,0,2,Y
JOHNSTON,11/7/23,PR24,21,C,TOWN OF SMITHFIELD TOWN COUNCIL MEMBERS AT-LARGE,Stuart Ashby Lee, ,3,1,1,0,0,2,Y
JOHNSTON,11/7/23,PR24,21,C,TOWN OF SMITHFIELD TOWN COUNCIL MEMBERS AT-LARGE,Write-In (Miscellaneous),,3,0,0,0,0,0,Y
JOHNSTON,11/7/23,PR26,20,C,TOWN OF SMITHFIELD MAYOR,Andy Moore, ,1,27,23,1,0,51,Y
JOHNSTON,11/7/23,PR26,20,C,TOWN OF SMITHFIELD MAYOR,Marlon Lee, ,1,122,106,1,0,229,Y
JOHNSTON,11/7/23,PR26,20,C,TOWN OF SMITHFIELD MAYOR,Write-In (Miscellaneous),,1,0,0,0,0,0,Y
JOHNSTON,11/7/23,PR26,21,C,TOWN OF SMITHFIELD TOWN COUNCIL MEMBERS AT-LARGE,Doris Louise Wallace, ,3,99,80,2,0,181,Y
JOHNSTON,11/7/23,PR26,21,C,TOWN OF SMITHFIELD TOWN COUNCIL MEMBERS AT-LARGE,Felicia C. Baxter, ,3,49,43,2,0,94,Y
JOHNSTON,11/7/23,PR26,21,C,TOWN OF SMITHFIELD TOWN COUNCIL MEMBERS AT-LARGE,John A. Dunn, ,3,18,20,0,0,38,Y
JOHNSTON,11/7/23,PR26,21,C,TOWN OF SMITHFIELD TOWN COUNCIL MEMBERS AT-LARGE,Roger A. Wood, ,3,30,22,0,0,52,Y
JOHNSTON,11/7/23,PR26,21,C,TOWN OF SMITHFIELD TOWN COUNCIL MEMBERS AT-LARGE,Stephen Rabil, ,3,38,31,1,0,70,Y
JOHNSTON,11/7/23,PR26,21,C,TOWN OF SMITHFIELD TOWN COUNCIL MEMBERS AT-LARGE,Stuart Ashby Lee, ,3,36,44,0,0,80,Y
JOHNSTON,11/7/23,PR26,21,C,TOWN OF SMITHFIELD TOWN COUNCIL MEMBERS AT-LARGE,Write-In (Miscellaneous),,3,3,4,0,0,7,Y
JOHNSTON,11/7/23,PR27A,20,C,TOWN OF SMITHFIELD MAYOR,Andy Moore, ,1,87,84,1,0,172,Y
JOHNSTON,11/7/23,PR27A,20,C,TOWN OF SMITHFIELD MAYOR,Marlon Lee, ,1,44,46,2,0,92,Y
JOHNSTON,11/7/23,PR27A,20,C,TOWN OF SMITHFIELD MAYOR,Write-In (Miscellaneous),,1,0,2,0,0,2,Y
JOHNSTON,11/7/23,PR27A,21,C,TOWN OF SMITHFIELD TOWN COUNCIL MEMBERS AT-LARGE,Doris Louise Wallace, ,3,49,40,0,0,89,Y
JOHNSTON,11/7/23,PR27A,21,C,TOWN OF SMITHFIELD TOWN COUNCIL MEMBERS AT-LARGE,Felicia C. Baxter, ,3,33,19,2,0,54,Y
JOHNSTON,11/7/23,PR27A,21,C,TOWN OF SMITHFIELD TOWN COUNCIL MEMBERS AT-LARGE,John A. Dunn, ,3,68,76,1,0,145,Y
JOHNSTON,11/7/23,PR27A,21,C,TOWN OF SMITHFIELD TOWN COUNCIL MEMBERS AT-LARGE,Roger A. Wood, ,3,82,62,0,0,144,Y
JOHNSTON,11/7/23,PR27A,21,C,TOWN OF SMITHFIELD TOWN COUNCIL MEMBERS AT-LARGE,Stephen Rabil, ,3,74,65,1,0,140,Y
JOHNSTON,11/7/23,PR27A,21,C,TOWN OF SMITHFIELD TOWN COUNCIL MEMBERS AT-LARGE,Stuart Ashby Lee, ,3,29,26,1,0,56,Y
JOHNSTON,11/7/23,PR27A,21,C,TOWN OF SMITHFIELD TOWN COUNCIL MEMBERS AT-LARGE,Write-In (Miscellaneous),,3,0,2,0,0,2,Y
JOHNSTON,11/7/23,PR27B,20,C,TOWN OF SMITHFIELD MAYOR,Andy Moore, ,1,59,41,0,0,100,Y
JOHNSTON,11/7/23,PR27B,20,C,TOWN OF SMITHFIELD MAYOR,Marlon Lee, ,1,18,32,1,1,52,Y
JOHNSTON,11/7/23,PR27B,20,C,TOWN OF SMITHFIELD MAYOR,Write-In (Miscellaneous),,1,0,0,0,0,0,Y
JOHNSTON,11/7/23,PR27B,21,C,TOWN OF SMITHFIELD TOWN COUNCIL MEMBERS AT-LARGE,Doris Louise Wallace, ,3,21,39,1,0,61,Y
JOHNSTON,11/7/23,PR27B,21,C,TOWN OF SMITHFIELD TOWN COUNCIL MEMBERS AT-LARGE,Felicia C. Baxter, ,3,10,9,1,0,20,Y
JOHNSTON,11/7/23,PR27B,21,C,TOWN OF SMITHFIELD TOWN COUNCIL MEMBERS AT-LARGE,John A. Dunn, ,3,45,32,1,0,78,Y
JOHNSTON,11/7/23,PR27B,21,C,TOWN OF SMITHFIELD TOWN COUNCIL MEMBERS AT-LARGE,Roger A. Wood, ,3,59,39,1,0,99,Y
JOHNSTON,11/7/23,PR27B,21,C,TOWN OF SMITHFIELD TOWN COUNCIL MEMBERS AT-LARGE,Stephen Rabil, ,3,49,30,1,0,80,Y
JOHNSTON,11/7/23,PR27B,21,C,TOWN OF SMITHFIELD TOWN COUNCIL MEMBERS AT-LARGE,Stuart Ashby Lee, ,3,14,10,1,1,26,Y
JOHNSTON,11/7/23,PR27B,21,C,TOWN OF SMITHFIELD TOWN COUNCIL MEMBERS AT-LARGE,Write-In (Miscellaneous),,3,0,0,0,0,0,Y
JOHNSTON,11/7/23,PR28,20,C,TOWN OF SMITHFIELD MAYOR,Andy Moore, ,1,167,254,4,1,426,Y
JOHNSTON,11/7/23,PR28,20,C,TOWN OF SMITHFIELD MAYOR,Marlon Lee, ,1,42,48,1,0,91,Y
JOHNSTON,11/7/23,PR28,20,C,TOWN OF SMITHFIELD MAYOR,Write-In (Miscellaneous),,1,1,1,0,0,2,Y
JOHNSTON,11/7/23,PR28,21,C,TOWN OF SMITHFIELD TOWN COUNCIL MEMBERS AT-LARGE,Doris Louise Wallace, ,3,67,63,2,0,132,Y
JOHNSTON,11/7/23,PR28,21,C,TOWN OF SMITHFIELD TOWN COUNCIL MEMBERS AT-LARGE,Felicia C. Baxter, ,3,28,36,1,1,66,Y
JOHNSTON,11/7/23,PR28,21,C,TOWN OF SMITHFIELD TOWN COUNCIL MEMBERS AT-LARGE,John A. Dunn, ,3,130,215,3,0,348,Y
JOHNSTON,11/7/23,PR28,21,C,TOWN OF SMITHFIELD TOWN COUNCIL MEMBERS AT-LARGE,Roger A. Wood, ,3,136,213,3,0,352,Y
JOHNSTON,11/7/23,PR28,21,C,TOWN OF SMITHFIELD TOWN COUNCIL MEMBERS AT-LARGE,Stephen Rabil, ,3,121,206,3,1,331,Y
JOHNSTON,11/7/23,PR28,21,C,TOWN OF SMITHFIELD TOWN COUNCIL MEMBERS AT-LARGE,Stuart Ashby Lee, ,3,62,69,0,0,131,Y
JOHNSTON,11/7/23,PR28,21,C,TOWN OF SMITHFIELD TOWN COUNCIL MEMBERS AT-LARGE,Write-In (Miscellaneous),,3,0,0,0,1,1,Y
