,Unnamed: 0,County,Election Date,Precinct,Contest Group ID,Contest Type,Contest Name,Choice,Choice Party,Vote For,Election Day,One Stop,Absentee by Mail,Provisional,Total Votes,Real Precinct
0,510,MECKLENBURG,7/26/22,111,1,C,CITY OF CHARLOTTE MAYOR,Stephanie de Sarachaga-Bilbao,REP,1,185,120,0,0,305,Y
1,511,MECKLENBURG,7/26/22,111,1,C,CITY OF CHARLOTTE MAYOR,Vi Alexander Lyles,DEM,1,186,228,0,0,414,Y
2,530,MECKLENBURG,7/26/22,112,1,C,CITY OF CHARLOTTE MAYOR,Stephanie de Sarachaga-Bilbao,REP,1,174,68,0,0,242,Y
3,531,MECKLENBURG,7/26/22,112,1,C,CITY OF CHARLOTTE MAYOR,Vi Alexander Lyles,DEM,1,137,58,0,0,195,Y
4,553,MECKLENBURG,7/26/22,113,1,C,CITY OF CHARLOTTE MAYOR,Stephanie de Sarachaga-Bilbao,REP,1,235,64,0,0,299,Y
5,554,MECKLENBURG,7/26/22,113,1,C,CITY OF CHARLOTTE MAYOR,Vi Alexander Lyles,DEM,1,188,68,0,0,256,Y
6,576,MECKLENBURG,7/26/22,114,1,C,CITY OF CHARLOTTE MAYOR,Stephanie de Sarachaga-Bilbao,REP,1,205,152,0,0,357,Y
7,577,MECKLENBURG,7/26/22,114,1,C,CITY OF CHARLOTTE MAYOR,Vi Alexander Lyles,DEM,1,224,179,0,0,403,Y
8,596,MECKLENBURG,7/26/22,115,1,C,CITY OF CHARLOTTE MAYOR,Stephanie de Sarachaga-Bilbao,REP,1,35,11,0,0,46,Y
9,597,MECKLENBURG,7/26/22,115,1,C,CITY OF CHARLOTTE MAYOR,Vi Alexander Lyles,DEM,1,79,29,0,0,108,Y
10,615,MECKLENBURG,7/26/22,116,1,C,CITY OF CHARLOTTE MAYOR,Stephanie de Sarachaga-Bilbao,REP,1,31,5,0,0,36,Y
11,616,MECKLENBURG,7/26/22,116,1,C,CITY OF CHARLOTTE MAYOR,Vi Alexander Lyles,DEM,1,75,45,0,0,120,Y
12,634,MECKLENBURG,7/26/22,117,1,C,CITY OF CHARLOTTE MAYOR,Stephanie de Sarachaga-Bilbao,REP,1,22,19,0,0,41,Y
13,635,MECKLENBURG,7/26/22,117,1,C,CITY OF CHARLOTTE MAYOR,Vi Alexander Lyles,DEM,1,73,64,0,0,137,Y
14,653,MECKLENBURG,7/26/22,118,1,C,CITY OF CHARLOTTE MAYOR,Stephanie de Sarachaga-Bilbao,REP,1,159,51,0,0,210,Y
15,654,MECKLENBURG,7/26/22,118,1,C,CITY OF CHARLOTTE MAYOR,Vi Alexander Lyles,DEM,1,149,75,0,0,224,Y
16,676,MECKLENBURG,7/26/22,119,1,C,CITY OF CHARLOTTE MAYOR,Stephanie de Sarachaga-Bilbao,REP,1,106,40,0,0,146,Y
17,677,MECKLENBURG,7/26/22,119,1,C,CITY OF CHARLOTTE MAYOR,Vi Alexander Lyles,DEM,1,97,90,0,0,187,Y
18,696,MECKLENBURG,7/26/22,120,1,C,CITY OF CHARLOTTE MAYOR,Stephanie de Sarachaga-Bilbao,REP,1,30,13,0,0,43,Y
19,697,MECKLENBURG,7/26/22,120,1,C,CITY OF CHARLOTTE MAYOR,Vi Alexander Lyles,DEM,1,73,35,0,0,108,Y
20,716,MECKLENBURG,7/26/22,121,1,C,CITY OF CHARLOTTE MAYOR,Stephanie de Sarachaga-Bilbao,REP,1,303,187,0,0,490,Y
21,717,MECKLENBURG,7/26/22,121,1,C,CITY OF CHARLOTTE MAYOR,Vi Alexander Lyles,DEM,1,169,186,0,0,355,Y
22,739,MECKLENBURG,7/26/22,122,1,C,CITY OF CHARLOTTE MAYOR,Stephanie de Sarachaga-Bilbao,REP,1,159,74,0,0,233,Y
23,740,MECKLENBURG,7/26/22,122,1,C,CITY OF CHARLOTTE MAYOR,Vi Alexander Lyles,DEM,1,221,182,0,0,403,Y
24,759,MECKLENBURG,7/26/22,123,1,C,CITY OF CHARLOTTE MAYOR,Stephanie de Sarachaga-Bilbao,REP,1,44,19,0,0,63,Y
25,760,MECKLENBURG,7/26/22,123,1,C,CITY OF CHARLOTTE MAYOR,Vi Alexander Lyles,DEM,1,140,86,0,0,226,Y
26,778,MECKLENBURG,7/26/22,124,1,C,CITY OF CHARLOTTE MAYOR,Stephanie de Sarachaga-Bilbao,REP,1,21,4,0,0,25,Y
27,779,MECKLENBURG,7/26/22,124,1,C,CITY OF CHARLOTTE MAYOR,Vi Alexander Lyles,DEM,1,146,61,0,0,207,Y
28,797,MECKLENBURG,7/26/22,125,1,C,CITY OF CHARLOTTE MAYOR,Stephanie de Sarachaga-Bilbao,REP,1,27,9,0,0,36,Y
29,798,MECKLENBURG,7/26/22,125,1,C,CITY OF CHARLOTTE MAYOR,Vi Alexander Lyles,DEM,1,77,36,0,0,113,Y
30,816,MECKLENBURG,7/26/22,126,1,C,CITY OF CHARLOTTE MAYOR,Stephanie de Sarachaga-Bilbao,REP,1,39,18,0,0,57,Y
31,817,MECKLENBURG,7/26/22,126,1,C,CITY OF CHARLOTTE MAYOR,Vi Alexander Lyles,DEM,1,193,117,0,0,310,Y
32,835,MECKLENBURG,7/26/22,128,1,C,CITY OF CHARLOTTE MAYOR,Stephanie de Sarachaga-Bilbao,REP,1,102,27,0,0,129,Y
33,836,MECKLENBURG,7/26/22,128,1,C,CITY OF CHARLOTTE MAYOR,Vi Alexander Lyles,DEM,1,172,139,0,0,311,Y
34,854,MECKLENBURG,7/26/22,130,1,C,CITY OF CHARLOTTE MAYOR,Stephanie de Sarachaga-Bilbao,REP,1,46,15,0,0,61,Y
35,855,MECKLENBURG,7/26/22,130,1,C,CITY OF CHARLOTTE MAYOR,Vi Alexander Lyles,DEM,1,96,45,0,0,141,Y
36,873,MECKLENBURG,7/26/22,131,1,C,CITY OF CHARLOTTE MAYOR,Stephanie de Sarachaga-Bilbao,REP,1,113,94,0,0,207,Y
37,874,MECKLENBURG,7/26/22,131,1,C,CITY OF CHARLOTTE MAYOR,Vi Alexander Lyles,DEM,1,86,78,0,0,164,Y
38,896,MECKLENBURG,7/26/22,132,1,C,CITY OF CHARLOTTE MAYOR,Stephanie de Sarachaga-Bilbao,REP,1,49,15,0,0,64,Y
39,897,MECKLENBURG,7/26/22,132,1,C,CITY OF CHARLOTTE MAYOR,Vi Alexander Lyles,DEM,1,123,83,0,0,206,Y
40,915,MECKLENBURG,7/26/22,135,1,C,CITY OF CHARLOTTE MAYOR,Stephanie de Sarachaga-Bilbao,REP,1,51,15,0,0,66,Y
41,916,MECKLENBURG,7/26/22,135,1,C,CITY OF CHARLOTTE MAYOR,Vi Alexander Lyles,DEM,1,282,226,0,0,508,Y
42,935,MECKLENBURG,7/26/22,137,1,C,CITY OF CHARLOTTE MAYOR,Stephanie de Sarachaga-Bilbao,REP,1,339,136,0,0,475,Y
43,936,MECKLENBURG,7/26/22,137,1,C,CITY OF CHARLOTTE MAYOR,Vi Alexander Lyles,DEM,1,189,116,0,0,305,Y
44,958,MECKLENBURG,7/26/22,138,1,C,CITY OF CHARLOTTE MAYOR,Stephanie de Sarachaga-Bilbao,REP,1,24,14,0,0,38,Y
45,959,MECKLENBURG,7/26/22,138,1,C,CITY OF CHARLOTTE MAYOR,Vi Alexander Lyles,DEM,1,125,84,0,0,209,Y
46,1641,MECKLENBURG,7/26/22,001,1,C,CITY OF CHARLOTTE MAYOR,Stephanie de Sarachaga-Bilbao,REP,1,127,28,0,0,155,Y
47,1642,MECKLENBURG,7/26/22,001,1,C,CITY OF CHARLOTTE MAYOR,Vi Alexander Lyles,DEM,1,147,117,0,0,264,Y
48,1661,MECKLENBURG,7/26/22,002,1,C,CITY OF CHARLOTTE MAYOR,Stephanie de Sarachaga-Bilbao,REP,1,78,18,0,0,96,Y
49,1662,MECKLENBURG,7/26/22,002,1,C,CITY OF CHARLOTTE MAYOR,Vi Alexander Lyles,DEM,1,274,126,0,0,400,Y
50,1681,MECKLENBURG,7/26/22,003,1,C,CITY OF CHARLOTTE MAYOR,Stephanie de Sarachaga-Bilbao,REP,1,13,7,0,0,20,Y
51,1682,MECKLENBURG,7/26/22,003,1,C,CITY OF CHARLOTTE MAYOR,Vi Alexander Lyles,DEM,1,105,70,0,0,175,Y
52,1701,MECKLENBURG,7/26/22,004,1,C,CITY OF CHARLOTTE MAYOR,Stephanie de Sarachaga-Bilbao,REP,1,59,14,0,0,73,Y
53,1702,MECKLENBURG,7/26/22,004,1,C,CITY OF CHARLOTTE MAYOR,Vi Alexander Lyles,DEM,1,121,65,0,0,186,Y
54,1720,MECKLENBURG,7/26/22,005,1,C,CITY OF CHARLOTTE MAYOR,Stephanie de Sarachaga-Bilbao,REP,1,37,7,0,0,44,Y
55,1721,MECKLENBURG,7/26/22,005,1,C,CITY OF CHARLOTTE MAYOR,Vi Alexander Lyles,DEM,1,91,36,0,0,127,Y
56,1739,MECKLENBURG,7/26/22,006,1,C,CITY OF CHARLOTTE MAYOR,Stephanie de Sarachaga-Bilbao,REP,1,35,10,0,0,45,Y
57,1740,MECKLENBURG,7/26/22,006,1,C,CITY OF CHARLOTTE MAYOR,Vi Alexander Lyles,DEM,1,88,64,0,0,152,Y
58,1758,MECKLENBURG,7/26/22,007,1,C,CITY OF CHARLOTTE MAYOR,Stephanie de Sarachaga-Bilbao,REP,1,44,25,0,0,69,Y
59,1759,MECKLENBURG,7/26/22,007,1,C,CITY OF CHARLOTTE MAYOR,Vi Alexander Lyles,DEM,1,130,76,0,0,206,Y
60,1777,MECKLENBURG,7/26/22,008,1,C,CITY OF CHARLOTTE MAYOR,Stephanie de Sarachaga-Bilbao,REP,1,161,116,0,0,277,Y
61,1778,MECKLENBURG,7/26/22,008,1,C,CITY OF CHARLOTTE MAYOR,Vi Alexander Lyles,DEM,1,218,142,0,0,360,Y
62,1797,MECKLENBURG,7/26/22,009,1,C,CITY OF CHARLOTTE MAYOR,Stephanie de Sarachaga-Bilbao,REP,1,106,47,0,0,153,Y
63,1798,MECKLENBURG,7/26/22,009,1,C,CITY OF CHARLOTTE MAYOR,Vi Alexander Lyles,DEM,1,314,153,0,0,467,Y
64,1817,MECKLENBURG,7/26/22,010,1,C,CITY OF CHARLOTTE MAYOR,Stephanie de Sarachaga-Bilbao,REP,1,107,36,0,0,143,Y
65,1818,MECKLENBURG,7/26/22,010,1,C,CITY OF CHARLOTTE MAYOR,Vi Alexander Lyles,DEM,1,274,113,0,0,387,Y
66,1837,MECKLENBURG,7/26/22,011,1,C,CITY OF CHARLOTTE MAYOR,Stephanie de Sarachaga-Bilbao,REP,1,99,77,0,0,176,Y
67,1838,MECKLENBURG,7/26/22,011,1,C,CITY OF CHARLOTTE MAYOR,Vi Alexander Lyles,DEM,1,379,326,0,0,705,Y
68,1857,MECKLENBURG,7/26/22,012,1,C,CITY OF CHARLOTTE MAYOR,Stephanie de Sarachaga-Bilbao,REP,1,19,6,0,0,25,Y
69,1858,MECKLENBURG,7/26/22,012,1,C,CITY OF CHARLOTTE MAYOR,Vi Alexander Lyles,DEM,1,158,113,0,0,271,Y
70,1877,MECKLENBURG,7/26/22,013,1,C,CITY OF CHARLOTTE MAYOR,Stephanie de Sarachaga-Bilbao,REP,1,35,23,0,0,58,Y
71,1878,MECKLENBURG,7/26/22,013,1,C,CITY OF CHARLOTTE MAYOR,Vi Alexander Lyles,DEM,1,174,113,0,0,287,Y
72,1897,MECKLENBURG,7/26/22,014,1,C,CITY OF CHARLOTTE MAYOR,Stephanie de Sarachaga-Bilbao,REP,1,38,8,0,0,46,Y
73,1898,MECKLENBURG,7/26/22,014,1,C,CITY OF CHARLOTTE MAYOR,Vi Alexander Lyles,DEM,1,258,126,0,0,384,Y
74,1917,MECKLENBURG,7/26/22,015,1,C,CITY OF CHARLOTTE MAYOR,Stephanie de Sarachaga-Bilbao,REP,1,89,18,0,0,107,Y
75,1918,MECKLENBURG,7/26/22,015,1,C,CITY OF CHARLOTTE MAYOR,Vi Alexander Lyles,DEM,1,409,179,0,0,588,Y
76,1937,MECKLENBURG,7/26/22,016,1,C,CITY OF CHARLOTTE MAYOR,Stephanie de Sarachaga-Bilbao,REP,1,6,7,0,0,13,Y
77,1938,MECKLENBURG,7/26/22,016,1,C,CITY OF CHARLOTTE MAYOR,Vi Alexander Lyles,DEM,1,217,268,0,0,485,Y
78,2825,MECKLENBURG,7/26/22,017,1,C,CITY OF CHARLOTTE MAYOR,Stephanie de Sarachaga-Bilbao,REP,1,14,5,0,0,19,Y
79,2826,MECKLENBURG,7/26/22,017,1,C,CITY OF CHARLOTTE MAYOR,Vi Alexander Lyles,DEM,1,108,45,0,0,153,Y
80,2845,MECKLENBURG,7/26/22,018,1,C,CITY OF CHARLOTTE MAYOR,Stephanie de Sarachaga-Bilbao,REP,1,169,63,0,0,232,Y
81,2846,MECKLENBURG,7/26/22,018,1,C,CITY OF CHARLOTTE MAYOR,Vi Alexander Lyles,DEM,1,208,93,0,0,301,Y
82,2865,MECKLENBURG,7/26/22,019,1,C,CITY OF CHARLOTTE MAYOR,Stephanie de Sarachaga-Bilbao,REP,1,114,75,0,0,189,Y
83,2866,MECKLENBURG,7/26/22,019,1,C,CITY OF CHARLOTTE MAYOR,Vi Alexander Lyles,DEM,1,128,173,0,0,301,Y
84,2885,MECKLENBURG,7/26/22,020,1,C,CITY OF CHARLOTTE MAYOR,Stephanie de Sarachaga-Bilbao,REP,1,122,48,0,0,170,Y
85,2886,MECKLENBURG,7/26/22,020,1,C,CITY OF CHARLOTTE MAYOR,Vi Alexander Lyles,DEM,1,236,125,0,0,361,Y
86,2905,MECKLENBURG,7/26/22,021,1,C,CITY OF CHARLOTTE MAYOR,Stephanie de Sarachaga-Bilbao,REP,1,88,22,0,0,110,Y
87,2906,MECKLENBURG,7/26/22,021,1,C,CITY OF CHARLOTTE MAYOR,Vi Alexander Lyles,DEM,1,203,74,0,0,277,Y
88,2925,MECKLENBURG,7/26/22,022,1,C,CITY OF CHARLOTTE MAYOR,Stephanie de Sarachaga-Bilbao,REP,1,72,29,0,0,101,Y
89,2926,MECKLENBURG,7/26/22,022,1,C,CITY OF CHARLOTTE MAYOR,Vi Alexander Lyles,DEM,1,258,151,0,0,409,Y
90,2945,MECKLENBURG,7/26/22,023,1,C,CITY OF CHARLOTTE MAYOR,Stephanie de Sarachaga-Bilbao,REP,1,23,8,0,0,31,Y
91,2946,MECKLENBURG,7/26/22,023,1,C,CITY OF CHARLOTTE MAYOR,Vi Alexander Lyles,DEM,1,110,80,0,0,190,Y
92,2965,MECKLENBURG,7/26/22,024,1,C,CITY OF CHARLOTTE MAYOR,Stephanie de Sarachaga-Bilbao,REP,1,34,13,0,0,47,Y
93,2966,MECKLENBURG,7/26/22,024,1,C,CITY OF CHARLOTTE MAYOR,Vi Alexander Lyles,DEM,1,135,116,0,0,251,Y
94,2985,MECKLENBURG,7/26/22,025,1,C,CITY OF CHARLOTTE MAYOR,Stephanie de Sarachaga-Bilbao,REP,1,11,2,0,0,13,Y
95,2986,MECKLENBURG,7/26/22,025,1,C,CITY OF CHARLOTTE MAYOR,Vi Alexander Lyles,DEM,1,119,128,0,0,247,Y
96,3005,MECKLENBURG,7/26/22,026,1,C,CITY OF CHARLOTTE MAYOR,Stephanie de Sarachaga-Bilbao,REP,1,36,16,0,0,52,Y
97,3006,MECKLENBURG,7/26/22,026,1,C,CITY OF CHARLOTTE MAYOR,Vi Alexander Lyles,DEM,1,194,172,0,0,366,Y
98,3025,MECKLENBURG,7/26/22,027,1,C,CITY OF CHARLOTTE MAYOR,Stephanie de Sarachaga-Bilbao,REP,1,10,11,0,0,21,Y
99,3026,MECKLENBURG,7/26/22,027,1,C,CITY OF CHARLOTTE MAYOR,Vi Alexander Lyles,DEM,1,54,58,0,0,112,Y
100,3045,MECKLENBURG,7/26/22,028,1,C,CITY OF CHARLOTTE MAYOR,Stephanie de Sarachaga-Bilbao,REP,1,30,5,0,0,35,Y
101,3046,MECKLENBURG,7/26/22,028,1,C,CITY OF CHARLOTTE MAYOR,Vi Alexander Lyles,DEM,1,132,85,0,0,217,Y
102,3065,MECKLENBURG,7/26/22,029,1,C,CITY OF CHARLOTTE MAYOR,Stephanie de Sarachaga-Bilbao,REP,1,37,13,0,0,50,Y
103,3066,MECKLENBURG,7/26/22,029,1,C,CITY OF CHARLOTTE MAYOR,Vi Alexander Lyles,DEM,1,160,81,0,0,241,Y
104,3085,MECKLENBURG,7/26/22,030,1,C,CITY OF CHARLOTTE MAYOR,Stephanie de Sarachaga-Bilbao,REP,1,48,16,0,0,64,Y
105,3086,MECKLENBURG,7/26/22,030,1,C,CITY OF CHARLOTTE MAYOR,Vi Alexander Lyles,DEM,1,330,140,0,0,470,Y
106,3105,MECKLENBURG,7/26/22,031,1,C,CITY OF CHARLOTTE MAYOR,Stephanie de Sarachaga-Bilbao,REP,1,11,8,0,0,19,Y
107,3106,MECKLENBURG,7/26/22,031,1,C,CITY OF CHARLOTTE MAYOR,Vi Alexander Lyles,DEM,1,103,123,0,0,226,Y
108,3125,MECKLENBURG,7/26/22,032,1,C,CITY OF CHARLOTTE MAYOR,Stephanie de Sarachaga-Bilbao,REP,1,173,95,0,0,268,Y
109,3126,MECKLENBURG,7/26/22,032,1,C,CITY OF CHARLOTTE MAYOR,Vi Alexander Lyles,DEM,1,157,105,0,0,262,Y
110,3145,MECKLENBURG,7/26/22,033,1,C,CITY OF CHARLOTTE MAYOR,Stephanie de Sarachaga-Bilbao,REP,1,58,13,0,0,71,Y
111,3146,MECKLENBURG,7/26/22,033,1,C,CITY OF CHARLOTTE MAYOR,Vi Alexander Lyles,DEM,1,159,69,0,0,228,Y
112,3164,MECKLENBURG,7/26/22,034,1,C,CITY OF CHARLOTTE MAYOR,Stephanie de Sarachaga-Bilbao,REP,1,54,23,0,0,77,Y
113,3165,MECKLENBURG,7/26/22,034,1,C,CITY OF CHARLOTTE MAYOR,Vi Alexander Lyles,DEM,1,192,80,0,0,272,Y
114,3183,MECKLENBURG,7/26/22,035,1,C,CITY OF CHARLOTTE MAYOR,Stephanie de Sarachaga-Bilbao,REP,1,110,53,0,0,163,Y
115,3184,MECKLENBURG,7/26/22,035,1,C,CITY OF CHARLOTTE MAYOR,Vi Alexander Lyles,DEM,1,147,89,0,0,236,Y
116,3203,MECKLENBURG,7/26/22,036,1,C,CITY OF CHARLOTTE MAYOR,Stephanie de Sarachaga-Bilbao,REP,1,197,106,0,0,303,Y
117,3204,MECKLENBURG,7/26/22,036,1,C,CITY OF CHARLOTTE MAYOR,Vi Alexander Lyles,DEM,1,228,146,0,0,374,Y
118,3223,MECKLENBURG,7/26/22,037,1,C,CITY OF CHARLOTTE MAYOR,Stephanie de Sarachaga-Bilbao,REP,1,99,33,0,0,132,Y
119,3224,MECKLENBURG,7/26/22,037,1,C,CITY OF CHARLOTTE MAYOR,Vi Alexander Lyles,DEM,1,149,72,0,0,221,Y
120,3243,MECKLENBURG,7/26/22,038,1,C,CITY OF CHARLOTTE MAYOR,Stephanie de Sarachaga-Bilbao,REP,1,70,18,0,0,88,Y
121,3244,MECKLENBURG,7/26/22,038,1,C,CITY OF CHARLOTTE MAYOR,Vi Alexander Lyles,DEM,1,122,59,0,0,181,Y
122,3263,MECKLENBURG,7/26/22,039,1,C,CITY OF CHARLOTTE MAYOR,Stephanie de Sarachaga-Bilbao,REP,1,6,8,0,0,14,Y
123,3264,MECKLENBURG,7/26/22,039,1,C,CITY OF CHARLOTTE MAYOR,Vi Alexander Lyles,DEM,1,72,101,0,0,173,Y
124,3283,MECKLENBURG,7/26/22,040,1,C,CITY OF CHARLOTTE MAYOR,Stephanie de Sarachaga-Bilbao,REP,1,12,6,0,0,18,Y
125,3780,MECKLENBURG,7/26/22,040,1,C,CITY OF CHARLOTTE MAYOR,Vi Alexander Lyles,DEM,1,97,70,0,0,167,Y
126,3799,MECKLENBURG,7/26/22,041,1,C,CITY OF CHARLOTTE MAYOR,Stephanie de Sarachaga-Bilbao,REP,1,12,3,0,0,15,Y
127,3800,MECKLENBURG,7/26/22,041,1,C,CITY OF CHARLOTTE MAYOR,Vi Alexander Lyles,DEM,1,103,59,0,0,162,Y
128,3819,MECKLENBURG,7/26/22,042,1,C,CITY OF CHARLOTTE MAYOR,Stephanie de Sarachaga-Bilbao,REP,1,10,13,0,0,23,Y
129,3820,MECKLENBURG,7/26/22,042,1,C,CITY OF CHARLOTTE MAYOR,Vi Alexander Lyles,DEM,1,169,155,0,0,324,Y
130,3839,MECKLENBURG,7/26/22,043,1,C,CITY OF CHARLOTTE MAYOR,Stephanie de Sarachaga-Bilbao,REP,1,22,18,0,0,40,Y
131,3840,MECKLENBURG,7/26/22,043,1,C,CITY OF CHARLOTTE MAYOR,Vi Alexander Lyles,DEM,1,127,107,0,0,234,Y
132,3859,MECKLENBURG,7/26/22,044,1,C,CITY OF CHARLOTTE MAYOR,Stephanie de Sarachaga-Bilbao,REP,1,37,17,0,0,54,Y
133,3860,MECKLENBURG,7/26/22,044,1,C,CITY OF CHARLOTTE MAYOR,Vi Alexander Lyles,DEM,1,191,115,0,0,306,Y
134,3879,MECKLENBURG,7/26/22,045,1,C,CITY OF CHARLOTTE MAYOR,Stephanie de Sarachaga-Bilbao,REP,1,55,11,0,0,66,Y
135,3880,MECKLENBURG,7/26/22,045,1,C,CITY OF CHARLOTTE MAYOR,Vi Alexander Lyles,DEM,1,145,54,0,0,199,Y
136,3898,MECKLENBURG,7/26/22,046,1,C,CITY OF CHARLOTTE MAYOR,Stephanie de Sarachaga-Bilbao,REP,1,61,12,0,0,73,Y
137,3899,MECKLENBURG,7/26/22,046,1,C,CITY OF CHARLOTTE MAYOR,Vi Alexander Lyles,DEM,1,188,58,0,0,246,Y
138,3918,MECKLENBURG,7/26/22,047,1,C,CITY OF CHARLOTTE MAYOR,Stephanie de Sarachaga-Bilbao,REP,1,160,73,0,0,233,Y
139,3919,MECKLENBURG,7/26/22,047,1,C,CITY OF CHARLOTTE MAYOR,Vi Alexander Lyles,DEM,1,212,184,0,0,396,Y
140,3938,MECKLENBURG,7/26/22,048,1,C,CITY OF CHARLOTTE MAYOR,Stephanie de Sarachaga-Bilbao,REP,1,161,88,0,0,249,Y
141,3939,MECKLENBURG,7/26/22,048,1,C,CITY OF CHARLOTTE MAYOR,Vi Alexander Lyles,DEM,1,185,103,0,0,288,Y
142,3958,MECKLENBURG,7/26/22,049,1,C,CITY OF CHARLOTTE MAYOR,Stephanie de Sarachaga-Bilbao,REP,1,130,63,0,0,193,Y
143,3959,MECKLENBURG,7/26/22,049,1,C,CITY OF CHARLOTTE MAYOR,Vi Alexander Lyles,DEM,1,208,136,0,0,344,Y
144,3978,MECKLENBURG,7/26/22,050,1,C,CITY OF CHARLOTTE MAYOR,Stephanie de Sarachaga-Bilbao,REP,1,97,45,0,0,142,Y
145,3979,MECKLENBURG,7/26/22,050,1,C,CITY OF CHARLOTTE MAYOR,Vi Alexander Lyles,DEM,1,132,107,0,0,239,Y
146,3998,MECKLENBURG,7/26/22,051,1,C,CITY OF CHARLOTTE MAYOR,Stephanie de Sarachaga-Bilbao,REP,1,133,33,0,0,166,Y
147,3999,MECKLENBURG,7/26/22,051,1,C,CITY OF CHARLOTTE MAYOR,Vi Alexander Lyles,DEM,1,220,93,0,0,313,Y
148,4018,MECKLENBURG,7/26/22,052,1,C,CITY OF CHARLOTTE MAYOR,Stephanie de Sarachaga-Bilbao,REP,1,18,6,0,0,24,Y
149,4019,MECKLENBURG,7/26/22,052,1,C,CITY OF CHARLOTTE MAYOR,Vi Alexander Lyles,DEM,1,147,154,0,0,301,Y
150,4038,MECKLENBURG,7/26/22,053,1,C,CITY OF CHARLOTTE MAYOR,Stephanie de Sarachaga-Bilbao,REP,1,22,9,0,0,31,Y
151,4039,MECKLENBURG,7/26/22,053,1,C,CITY OF CHARLOTTE MAYOR,Vi Alexander Lyles,DEM,1,131,87,0,0,218,Y
152,4058,MECKLENBURG,7/26/22,054,1,C,CITY OF CHARLOTTE MAYOR,Stephanie de Sarachaga-Bilbao,REP,1,19,9,0,0,28,Y
153,4059,MECKLENBURG,7/26/22,054,1,C,CITY OF CHARLOTTE MAYOR,Vi Alexander Lyles,DEM,1,245,164,0,0,409,Y
154,4078,MECKLENBURG,7/26/22,055,1,C,CITY OF CHARLOTTE MAYOR,Stephanie de Sarachaga-Bilbao,REP,1,2,4,0,0,6,Y
155,4079,MECKLENBURG,7/26/22,055,1,C,CITY OF CHARLOTTE MAYOR,Vi Alexander Lyles,DEM,1,86,110,0,0,196,Y
156,4098,MECKLENBURG,7/26/22,056,1,C,CITY OF CHARLOTTE MAYOR,Stephanie de Sarachaga-Bilbao,REP,1,4,4,0,0,8,Y
157,4099,MECKLENBURG,7/26/22,056,1,C,CITY OF CHARLOTTE MAYOR,Vi Alexander Lyles,DEM,1,59,54,0,0,113,Y
158,4118,MECKLENBURG,7/26/22,057,1,C,CITY OF CHARLOTTE MAYOR,Stephanie de Sarachaga-Bilbao,REP,1,134,77,0,0,211,Y
159,4119,MECKLENBURG,7/26/22,057,1,C,CITY OF CHARLOTTE MAYOR,Vi Alexander Lyles,DEM,1,187,192,0,0,379,Y
160,4138,MECKLENBURG,7/26/22,058,1,C,CITY OF CHARLOTTE MAYOR,Stephanie de Sarachaga-Bilbao,REP,1,97,19,0,0,116,Y
161,4139,MECKLENBURG,7/26/22,058,1,C,CITY OF CHARLOTTE MAYOR,Vi Alexander Lyles,DEM,1,144,93,0,0,237,Y
162,4158,MECKLENBURG,7/26/22,059,1,C,CITY OF CHARLOTTE MAYOR,Stephanie de Sarachaga-Bilbao,REP,1,70,17,0,0,87,Y
163,4159,MECKLENBURG,7/26/22,059,1,C,CITY OF CHARLOTTE MAYOR,Vi Alexander Lyles,DEM,1,109,78,0,0,187,Y
164,4178,MECKLENBURG,7/26/22,060,1,C,CITY OF CHARLOTTE MAYOR,Stephanie de Sarachaga-Bilbao,REP,1,8,15,0,0,23,Y
165,4179,MECKLENBURG,7/26/22,060,1,C,CITY OF CHARLOTTE MAYOR,Vi Alexander Lyles,DEM,1,143,168,0,0,311,Y
166,4198,MECKLENBURG,7/26/22,061,1,C,CITY OF CHARLOTTE MAYOR,Stephanie de Sarachaga-Bilbao,REP,1,74,21,0,0,95,Y
167,4199,MECKLENBURG,7/26/22,061,1,C,CITY OF CHARLOTTE MAYOR,Vi Alexander Lyles,DEM,1,161,111,0,0,272,Y
168,4218,MECKLENBURG,7/26/22,062,1,C,CITY OF CHARLOTTE MAYOR,Stephanie de Sarachaga-Bilbao,REP,1,19,18,0,0,37,Y
169,4219,MECKLENBURG,7/26/22,062,1,C,CITY OF CHARLOTTE MAYOR,Vi Alexander Lyles,DEM,1,93,61,0,0,154,Y
170,4237,MECKLENBURG,7/26/22,063,1,C,CITY OF CHARLOTTE MAYOR,Stephanie de Sarachaga-Bilbao,REP,1,29,14,0,0,43,Y
171,4238,MECKLENBURG,7/26/22,063,1,C,CITY OF CHARLOTTE MAYOR,Vi Alexander Lyles,DEM,1,74,74,0,0,148,Y
172,4752,MECKLENBURG,7/26/22,064,1,C,CITY OF CHARLOTTE MAYOR,Stephanie de Sarachaga-Bilbao,REP,1,34,27,0,0,61,Y
173,4753,MECKLENBURG,7/26/22,064,1,C,CITY OF CHARLOTTE MAYOR,Vi Alexander Lyles,DEM,1,93,70,0,0,163,Y
174,4771,MECKLENBURG,7/26/22,065,1,C,CITY OF CHARLOTTE MAYOR,Stephanie de Sarachaga-Bilbao,REP,1,109,41,0,0,150,Y
175,4772,MECKLENBURG,7/26/22,065,1,C,CITY OF CHARLOTTE MAYOR,Vi Alexander Lyles,DEM,1,148,81,0,0,229,Y
176,4791,MECKLENBURG,7/26/22,066,1,C,CITY OF CHARLOTTE MAYOR,Stephanie de Sarachaga-Bilbao,REP,1,96,28,0,0,124,Y
177,4792,MECKLENBURG,7/26/22,066,1,C,CITY OF CHARLOTTE MAYOR,Vi Alexander Lyles,DEM,1,153,81,0,0,234,Y
178,4810,MECKLENBURG,7/26/22,067,1,C,CITY OF CHARLOTTE MAYOR,Stephanie de Sarachaga-Bilbao,REP,1,124,56,0,0,180,Y
179,4811,MECKLENBURG,7/26/22,067,1,C,CITY OF CHARLOTTE MAYOR,Vi Alexander Lyles,DEM,1,133,121,0,0,254,Y
180,4830,MECKLENBURG,7/26/22,068,1,C,CITY OF CHARLOTTE MAYOR,Stephanie de Sarachaga-Bilbao,REP,1,73,15,0,0,88,Y
181,4831,MECKLENBURG,7/26/22,068,1,C,CITY OF CHARLOTTE MAYOR,Vi Alexander Lyles,DEM,1,89,83,0,0,172,Y
182,4850,MECKLENBURG,7/26/22,069,1,C,CITY OF CHARLOTTE MAYOR,Stephanie de Sarachaga-Bilbao,REP,1,294,196,0,0,490,Y
183,4851,MECKLENBURG,7/26/22,069,1,C,CITY OF CHARLOTTE MAYOR,Vi Alexander Lyles,DEM,1,274,180,0,0,454,Y
184,4873,MECKLENBURG,7/26/22,070,1,C,CITY OF CHARLOTTE MAYOR,Stephanie de Sarachaga-Bilbao,REP,1,176,108,0,0,284,Y
185,4874,MECKLENBURG,7/26/22,070,1,C,CITY OF CHARLOTTE MAYOR,Vi Alexander Lyles,DEM,1,200,166,0,0,366,Y
186,4893,MECKLENBURG,7/26/22,071,1,C,CITY OF CHARLOTTE MAYOR,Stephanie de Sarachaga-Bilbao,REP,1,125,97,0,0,222,Y
187,4894,MECKLENBURG,7/26/22,071,1,C,CITY OF CHARLOTTE MAYOR,Vi Alexander Lyles,DEM,1,127,108,0,0,235,Y
188,4913,MECKLENBURG,7/26/22,072,1,C,CITY OF CHARLOTTE MAYOR,Stephanie de Sarachaga-Bilbao,REP,1,102,84,0,0,186,Y
189,4914,MECKLENBURG,7/26/22,072,1,C,CITY OF CHARLOTTE MAYOR,Vi Alexander Lyles,DEM,1,138,103,0,0,241,Y
190,4933,MECKLENBURG,7/26/22,073,1,C,CITY OF CHARLOTTE MAYOR,Stephanie de Sarachaga-Bilbao,REP,1,117,41,0,0,158,Y
191,4934,MECKLENBURG,7/26/22,073,1,C,CITY OF CHARLOTTE MAYOR,Vi Alexander Lyles,DEM,1,139,86,0,0,225,Y
192,4953,MECKLENBURG,7/26/22,074,1,C,CITY OF CHARLOTTE MAYOR,Stephanie de Sarachaga-Bilbao,REP,1,145,126,0,0,271,Y
193,4954,MECKLENBURG,7/26/22,074,1,C,CITY OF CHARLOTTE MAYOR,Vi Alexander Lyles,DEM,1,181,188,0,0,369,Y
194,4973,MECKLENBURG,7/26/22,075,1,C,CITY OF CHARLOTTE MAYOR,Stephanie de Sarachaga-Bilbao,REP,1,238,141,0,0,379,Y
195,4974,MECKLENBURG,7/26/22,075,1,C,CITY OF CHARLOTTE MAYOR,Vi Alexander Lyles,DEM,1,290,219,0,0,509,Y
196,4993,MECKLENBURG,7/26/22,076,1,C,CITY OF CHARLOTTE MAYOR,Stephanie de Sarachaga-Bilbao,REP,1,193,126,0,0,319,Y
197,4994,MECKLENBURG,7/26/22,076,1,C,CITY OF CHARLOTTE MAYOR,Vi Alexander Lyles,DEM,1,239,209,0,0,448,Y
198,5013,MECKLENBURG,7/26/22,077,1,C,CITY OF CHARLOTTE MAYOR,Stephanie de Sarachaga-Bilbao,REP,1,18,4,0,0,22,Y
199,5014,MECKLENBURG,7/26/22,077,1,C,CITY OF CHARLOTTE MAYOR,Vi Alexander Lyles,DEM,1,128,111,0,0,239,Y
200,5033,MECKLENBURG,7/26/22,78.1,1,C,CITY OF CHARLOTTE MAYOR,Stephanie de Sarachaga-Bilbao,REP,1,30,23,0,0,53,Y
201,5034,MECKLENBURG,7/26/22,78.1,1,C,CITY OF CHARLOTTE MAYOR,Vi Alexander Lyles,DEM,1,111,48,0,0,159,Y
202,5053,MECKLENBURG,7/26/22,079,1,C,CITY OF CHARLOTTE MAYOR,Stephanie de Sarachaga-Bilbao,REP,1,58,13,0,0,71,Y
203,5054,MECKLENBURG,7/26/22,079,1,C,CITY OF CHARLOTTE MAYOR,Vi Alexander Lyles,DEM,1,127,76,0,0,203,Y
204,5073,MECKLENBURG,7/26/22,080,1,C,CITY OF CHARLOTTE MAYOR,Stephanie de Sarachaga-Bilbao,REP,1,70,14,0,0,84,Y
205,5074,MECKLENBURG,7/26/22,080,1,C,CITY OF CHARLOTTE MAYOR,Vi Alexander Lyles,DEM,1,184,105,0,0,289,Y
206,5093,MECKLENBURG,7/26/22,081,1,C,CITY OF CHARLOTTE MAYOR,Stephanie de Sarachaga-Bilbao,REP,1,53,19,0,0,72,Y
207,5094,MECKLENBURG,7/26/22,081,1,C,CITY OF CHARLOTTE MAYOR,Vi Alexander Lyles,DEM,1,179,191,0,0,370,Y
208,5113,MECKLENBURG,7/26/22,082,1,C,CITY OF CHARLOTTE MAYOR,Stephanie de Sarachaga-Bilbao,REP,1,4,8,0,0,12,Y
209,5114,MECKLENBURG,7/26/22,082,1,C,CITY OF CHARLOTTE MAYOR,Vi Alexander Lyles,DEM,1,124,92,0,0,216,Y
210,5133,MECKLENBURG,7/26/22,083,1,C,CITY OF CHARLOTTE MAYOR,Stephanie de Sarachaga-Bilbao,REP,1,87,13,0,0,100,Y
211,5134,MECKLENBURG,7/26/22,083,1,C,CITY OF CHARLOTTE MAYOR,Vi Alexander Lyles,DEM,1,132,56,0,0,188,Y
212,5152,MECKLENBURG,7/26/22,084,1,C,CITY OF CHARLOTTE MAYOR,Stephanie de Sarachaga-Bilbao,REP,1,36,15,0,0,51,Y
213,5153,MECKLENBURG,7/26/22,084,1,C,CITY OF CHARLOTTE MAYOR,Vi Alexander Lyles,DEM,1,110,58,0,0,168,Y
214,5171,MECKLENBURG,7/26/22,085,1,C,CITY OF CHARLOTTE MAYOR,Stephanie de Sarachaga-Bilbao,REP,1,100,58,0,0,158,Y
215,5172,MECKLENBURG,7/26/22,085,1,C,CITY OF CHARLOTTE MAYOR,Vi Alexander Lyles,DEM,1,178,165,0,0,343,Y
216,5191,MECKLENBURG,7/26/22,086,1,C,CITY OF CHARLOTTE MAYOR,Stephanie de Sarachaga-Bilbao,REP,1,201,160,0,0,361,Y
217,5192,MECKLENBURG,7/26/22,086,1,C,CITY OF CHARLOTTE MAYOR,Vi Alexander Lyles,DEM,1,163,151,0,0,314,Y
218,5211,MECKLENBURG,7/26/22,087,1,C,CITY OF CHARLOTTE MAYOR,Stephanie de Sarachaga-Bilbao,REP,1,81,58,0,0,139,Y
219,5212,MECKLENBURG,7/26/22,087,1,C,CITY OF CHARLOTTE MAYOR,Vi Alexander Lyles,DEM,1,98,100,0,0,198,Y
220,5728,MECKLENBURG,7/26/22,088,1,C,CITY OF CHARLOTTE MAYOR,Stephanie de Sarachaga-Bilbao,REP,1,111,81,0,0,192,Y
221,5729,MECKLENBURG,7/26/22,088,1,C,CITY OF CHARLOTTE MAYOR,Vi Alexander Lyles,DEM,1,89,94,0,0,183,Y
222,5751,MECKLENBURG,7/26/22,089,1,C,CITY OF CHARLOTTE MAYOR,Stephanie de Sarachaga-Bilbao,REP,1,211,33,0,0,244,Y
223,5752,MECKLENBURG,7/26/22,089,1,C,CITY OF CHARLOTTE MAYOR,Vi Alexander Lyles,DEM,1,270,135,0,0,405,Y
224,5771,MECKLENBURG,7/26/22,090,1,C,CITY OF CHARLOTTE MAYOR,Stephanie de Sarachaga-Bilbao,REP,1,111,32,0,0,143,Y
225,5772,MECKLENBURG,7/26/22,090,1,C,CITY OF CHARLOTTE MAYOR,Vi Alexander Lyles,DEM,1,93,45,0,0,138,Y
226,5794,MECKLENBURG,7/26/22,091,1,C,CITY OF CHARLOTTE MAYOR,Stephanie de Sarachaga-Bilbao,REP,1,278,178,0,0,456,Y
227,5795,MECKLENBURG,7/26/22,091,1,C,CITY OF CHARLOTTE MAYOR,Vi Alexander Lyles,DEM,1,202,136,0,0,338,Y
228,5817,MECKLENBURG,7/26/22,092,1,C,CITY OF CHARLOTTE MAYOR,Stephanie de Sarachaga-Bilbao,REP,1,194,114,0,0,308,Y
229,5818,MECKLENBURG,7/26/22,092,1,C,CITY OF CHARLOTTE MAYOR,Vi Alexander Lyles,DEM,1,243,152,0,0,395,Y
230,5837,MECKLENBURG,7/26/22,093,1,C,CITY OF CHARLOTTE MAYOR,Stephanie de Sarachaga-Bilbao,REP,1,177,139,0,0,316,Y
231,5838,MECKLENBURG,7/26/22,093,1,C,CITY OF CHARLOTTE MAYOR,Vi Alexander Lyles,DEM,1,107,92,0,0,199,Y
232,5857,MECKLENBURG,7/26/22,094,1,C,CITY OF CHARLOTTE MAYOR,Stephanie de Sarachaga-Bilbao,REP,1,42,19,0,0,61,Y
233,5858,MECKLENBURG,7/26/22,094,1,C,CITY OF CHARLOTTE MAYOR,Vi Alexander Lyles,DEM,1,90,55,0,0,145,Y
234,5876,MECKLENBURG,7/26/22,095,1,C,CITY OF CHARLOTTE MAYOR,Stephanie de Sarachaga-Bilbao,REP,1,37,10,0,0,47,Y
235,5877,MECKLENBURG,7/26/22,095,1,C,CITY OF CHARLOTTE MAYOR,Vi Alexander Lyles,DEM,1,107,49,0,0,156,Y
236,5895,MECKLENBURG,7/26/22,096,1,C,CITY OF CHARLOTTE MAYOR,Stephanie de Sarachaga-Bilbao,REP,1,115,49,0,0,164,Y
237,5896,MECKLENBURG,7/26/22,096,1,C,CITY OF CHARLOTTE MAYOR,Vi Alexander Lyles,DEM,1,141,136,0,0,277,Y
238,5915,MECKLENBURG,7/26/22,097,1,C,CITY OF CHARLOTTE MAYOR,Stephanie de Sarachaga-Bilbao,REP,1,19,9,0,0,28,Y
239,5916,MECKLENBURG,7/26/22,097,1,C,CITY OF CHARLOTTE MAYOR,Vi Alexander Lyles,DEM,1,126,40,0,0,166,Y
240,5935,MECKLENBURG,7/26/22,098,1,C,CITY OF CHARLOTTE MAYOR,Stephanie de Sarachaga-Bilbao,REP,1,33,14,0,0,47,Y
241,5936,MECKLENBURG,7/26/22,098,1,C,CITY OF CHARLOTTE MAYOR,Vi Alexander Lyles,DEM,1,114,56,0,0,170,Y
242,5955,MECKLENBURG,7/26/22,099,1,C,CITY OF CHARLOTTE MAYOR,Stephanie de Sarachaga-Bilbao,REP,1,6,2,0,0,8,Y
243,5956,MECKLENBURG,7/26/22,099,1,C,CITY OF CHARLOTTE MAYOR,Vi Alexander Lyles,DEM,1,35,20,0,0,55,Y
244,5975,MECKLENBURG,7/26/22,100,1,C,CITY OF CHARLOTTE MAYOR,Stephanie de Sarachaga-Bilbao,REP,1,165,83,0,0,248,Y
245,5976,MECKLENBURG,7/26/22,100,1,C,CITY OF CHARLOTTE MAYOR,Vi Alexander Lyles,DEM,1,195,84,0,0,279,Y
246,5998,MECKLENBURG,7/26/22,101,1,C,CITY OF CHARLOTTE MAYOR,Stephanie de Sarachaga-Bilbao,REP,1,181,153,0,0,334,Y
247,5999,MECKLENBURG,7/26/22,101,1,C,CITY OF CHARLOTTE MAYOR,Vi Alexander Lyles,DEM,1,141,137,0,0,278,Y
248,6018,MECKLENBURG,7/26/22,102,1,C,CITY OF CHARLOTTE MAYOR,Stephanie de Sarachaga-Bilbao,REP,1,79,20,0,0,99,Y
249,6019,MECKLENBURG,7/26/22,102,1,C,CITY OF CHARLOTTE MAYOR,Vi Alexander Lyles,DEM,1,163,70,0,0,233,Y
250,6037,MECKLENBURG,7/26/22,103,1,C,CITY OF CHARLOTTE MAYOR,Stephanie de Sarachaga-Bilbao,REP,1,257,106,0,0,363,Y
251,6038,MECKLENBURG,7/26/22,103,1,C,CITY OF CHARLOTTE MAYOR,Vi Alexander Lyles,DEM,1,231,115,0,0,346,Y
252,6060,MECKLENBURG,7/26/22,104,1,C,CITY OF CHARLOTTE MAYOR,Stephanie de Sarachaga-Bilbao,REP,1,28,8,0,0,36,Y
253,6061,MECKLENBURG,7/26/22,104,1,C,CITY OF CHARLOTTE MAYOR,Vi Alexander Lyles,DEM,1,209,165,0,0,374,Y
254,6079,MECKLENBURG,7/26/22,105,1,C,CITY OF CHARLOTTE MAYOR,Stephanie de Sarachaga-Bilbao,REP,1,24,10,0,0,34,Y
255,6080,MECKLENBURG,7/26/22,105,1,C,CITY OF CHARLOTTE MAYOR,Vi Alexander Lyles,DEM,1,97,95,0,0,192,Y
256,6098,MECKLENBURG,7/26/22,106,1,C,CITY OF CHARLOTTE MAYOR,Stephanie de Sarachaga-Bilbao,REP,1,109,71,0,0,180,Y
257,6099,MECKLENBURG,7/26/22,106,1,C,CITY OF CHARLOTTE MAYOR,Vi Alexander Lyles,DEM,1,176,117,0,0,293,Y
258,6118,MECKLENBURG,7/26/22,107.1,1,C,CITY OF CHARLOTTE MAYOR,Stephanie de Sarachaga-Bilbao,REP,1,53,21,0,0,74,Y
259,6119,MECKLENBURG,7/26/22,107.1,1,C,CITY OF CHARLOTTE MAYOR,Vi Alexander Lyles,DEM,1,248,146,0,0,394,Y
260,6138,MECKLENBURG,7/26/22,108,1,C,CITY OF CHARLOTTE MAYOR,Stephanie de Sarachaga-Bilbao,REP,1,24,7,0,0,31,Y
261,6139,MECKLENBURG,7/26/22,108,1,C,CITY OF CHARLOTTE MAYOR,Vi Alexander Lyles,DEM,1,100,40,0,0,140,Y
262,6157,MECKLENBURG,7/26/22,109,1,C,CITY OF CHARLOTTE MAYOR,Stephanie de Sarachaga-Bilbao,REP,1,60,10,0,0,70,Y
263,6158,MECKLENBURG,7/26/22,109,1,C,CITY OF CHARLOTTE MAYOR,Vi Alexander Lyles,DEM,1,263,92,0,0,355,Y
264,6177,MECKLENBURG,7/26/22,110,1,C,CITY OF CHARLOTTE MAYOR,Stephanie de Sarachaga-Bilbao,REP,1,102,57,0,0,159,Y
265,6178,MECKLENBURG,7/26/22,110,1,C,CITY OF CHARLOTTE MAYOR,Vi Alexander Lyles,DEM,1,134,89,0,0,223,Y
266,6691,MECKLENBURG,7/26/22,139.1,1,C,CITY OF CHARLOTTE MAYOR,Stephanie de Sarachaga-Bilbao,REP,1,139,96,0,0,235,Y
267,6692,MECKLENBURG,7/26/22,139.1,1,C,CITY OF CHARLOTTE MAYOR,Vi Alexander Lyles,DEM,1,121,117,0,0,238,Y
268,6714,MECKLENBURG,7/26/22,140,1,C,CITY OF CHARLOTTE MAYOR,Stephanie de Sarachaga-Bilbao,REP,1,243,119,0,0,362,Y
269,6715,MECKLENBURG,7/26/22,140,1,C,CITY OF CHARLOTTE MAYOR,Vi Alexander Lyles,DEM,1,154,119,0,0,273,Y
270,6737,MECKLENBURG,7/26/22,141,1,C,CITY OF CHARLOTTE MAYOR,Stephanie de Sarachaga-Bilbao,REP,1,0,0,0,0,0,Y
271,6738,MECKLENBURG,7/26/22,141,1,C,CITY OF CHARLOTTE MAYOR,Vi Alexander Lyles,DEM,1,8,8,0,0,16,Y
272,6756,MECKLENBURG,7/26/22,144,1,C,CITY OF CHARLOTTE MAYOR,Stephanie de Sarachaga-Bilbao,REP,1,177,97,0,0,274,Y
273,6757,MECKLENBURG,7/26/22,144,1,C,CITY OF CHARLOTTE MAYOR,Vi Alexander Lyles,DEM,1,152,163,0,0,315,Y
274,6779,MECKLENBURG,7/26/22,145,1,C,CITY OF CHARLOTTE MAYOR,Stephanie de Sarachaga-Bilbao,REP,1,242,55,0,0,297,Y
275,6780,MECKLENBURG,7/26/22,145,1,C,CITY OF CHARLOTTE MAYOR,Vi Alexander Lyles,DEM,1,446,309,0,0,755,Y
276,6798,MECKLENBURG,7/26/22,146,1,C,CITY OF CHARLOTTE MAYOR,Stephanie de Sarachaga-Bilbao,REP,1,31,10,0,0,41,Y
277,6799,MECKLENBURG,7/26/22,146,1,C,CITY OF CHARLOTTE MAYOR,Vi Alexander Lyles,DEM,1,169,166,0,0,335,Y
278,6818,MECKLENBURG,7/26/22,147,1,C,CITY OF CHARLOTTE MAYOR,Stephanie de Sarachaga-Bilbao,REP,1,37,28,0,0,65,Y
279,6819,MECKLENBURG,7/26/22,147,1,C,CITY OF CHARLOTTE MAYOR,Vi Alexander Lyles,DEM,1,147,135,0,0,282,Y
280,6838,MECKLENBURG,7/26/22,148,1,C,CITY OF CHARLOTTE MAYOR,Stephanie de Sarachaga-Bilbao,REP,1,278,196,0,0,474,Y
281,6839,MECKLENBURG,7/26/22,148,1,C,CITY OF CHARLOTTE MAYOR,Vi Alexander Lyles,DEM,1,329,301,0,0,630,Y
282,6861,MECKLENBURG,7/26/22,149,1,C,CITY OF CHARLOTTE MAYOR,Stephanie de Sarachaga-Bilbao,REP,1,43,22,0,0,65,Y
283,6862,MECKLENBURG,7/26/22,149,1,C,CITY OF CHARLOTTE MAYOR,Vi Alexander Lyles,DEM,1,244,193,0,0,437,Y
284,6880,MECKLENBURG,7/26/22,150,1,C,CITY OF CHARLOTTE MAYOR,Stephanie de Sarachaga-Bilbao,REP,1,104,11,0,0,115,Y
285,6881,MECKLENBURG,7/26/22,150,1,C,CITY OF CHARLOTTE MAYOR,Vi Alexander Lyles,DEM,1,201,75,0,0,276,Y
286,6900,MECKLENBURG,7/26/22,151,1,C,CITY OF CHARLOTTE MAYOR,Stephanie de Sarachaga-Bilbao,REP,1,57,15,0,0,72,Y
287,6901,MECKLENBURG,7/26/22,151,1,C,CITY OF CHARLOTTE MAYOR,Vi Alexander Lyles,DEM,1,240,144,0,0,384,Y
288,6919,MECKLENBURG,7/26/22,201,1,C,CITY OF CHARLOTTE MAYOR,Stephanie de Sarachaga-Bilbao,REP,1,91,43,0,0,134,Y
289,6920,MECKLENBURG,7/26/22,201,1,C,CITY OF CHARLOTTE MAYOR,Vi Alexander Lyles,DEM,1,209,127,0,0,336,Y
290,6938,MECKLENBURG,7/26/22,203,1,C,CITY OF CHARLOTTE MAYOR,Stephanie de Sarachaga-Bilbao,REP,1,44,24,0,0,68,Y
291,6939,MECKLENBURG,7/26/22,203,1,C,CITY OF CHARLOTTE MAYOR,Vi Alexander Lyles,DEM,1,293,161,0,0,454,Y
292,6957,MECKLENBURG,7/26/22,204.1,1,C,CITY OF CHARLOTTE MAYOR,Stephanie de Sarachaga-Bilbao,REP,1,52,15,0,0,67,Y
293,6958,MECKLENBURG,7/26/22,204.1,1,C,CITY OF CHARLOTTE MAYOR,Vi Alexander Lyles,DEM,1,235,202,0,0,437,Y
294,6976,MECKLENBURG,7/26/22,205,1,C,CITY OF CHARLOTTE MAYOR,Stephanie de Sarachaga-Bilbao,REP,1,82,32,0,0,114,Y
295,6977,MECKLENBURG,7/26/22,205,1,C,CITY OF CHARLOTTE MAYOR,Vi Alexander Lyles,DEM,1,157,132,0,0,289,Y
296,6995,MECKLENBURG,7/26/22,209,1,C,CITY OF CHARLOTTE MAYOR,Stephanie de Sarachaga-Bilbao,REP,1,0,1,0,0,1,Y
297,6996,MECKLENBURG,7/26/22,209,1,C,CITY OF CHARLOTTE MAYOR,Vi Alexander Lyles,DEM,1,0,1,0,0,1,Y
298,7015,MECKLENBURG,7/26/22,210,1,C,CITY OF CHARLOTTE MAYOR,Stephanie de Sarachaga-Bilbao,REP,1,40,14,0,0,54,Y
299,7016,MECKLENBURG,7/26/22,210,1,C,CITY OF CHARLOTTE MAYOR,Vi Alexander Lyles,DEM,1,312,382,0,0,694,Y
300,7035,MECKLENBURG,7/26/22,211,1,C,CITY OF CHARLOTTE MAYOR,Stephanie de Sarachaga-Bilbao,REP,1,75,25,0,0,100,Y
301,7036,MECKLENBURG,7/26/22,211,1,C,CITY OF CHARLOTTE MAYOR,Vi Alexander Lyles,DEM,1,332,210,0,0,542,Y
302,7054,MECKLENBURG,7/26/22,212,1,C,CITY OF CHARLOTTE MAYOR,Stephanie de Sarachaga-Bilbao,REP,1,60,45,0,0,105,Y
303,7055,MECKLENBURG,7/26/22,212,1,C,CITY OF CHARLOTTE MAYOR,Vi Alexander Lyles,DEM,1,333,343,0,0,676,Y
304,7073,MECKLENBURG,7/26/22,213,1,C,CITY OF CHARLOTTE MAYOR,Stephanie de Sarachaga-Bilbao,REP,1,52,17,0,0,69,Y
305,7074,MECKLENBURG,7/26/22,213,1,C,CITY OF CHARLOTTE MAYOR,Vi Alexander Lyles,DEM,1,186,202,0,0,388,Y
306,7093,MECKLENBURG,7/26/22,214,1,C,CITY OF CHARLOTTE MAYOR,Stephanie de Sarachaga-Bilbao,REP,1,80,32,0,0,112,Y
307,7094,MECKLENBURG,7/26/22,214,1,C,CITY OF CHARLOTTE MAYOR,Vi Alexander Lyles,DEM,1,218,146,0,0,364,Y
308,7112,MECKLENBURG,7/26/22,222,1,C,CITY OF CHARLOTTE MAYOR,Stephanie de Sarachaga-Bilbao,REP,1,80,15,0,0,95,Y
309,7113,MECKLENBURG,7/26/22,222,1,C,CITY OF CHARLOTTE MAYOR,Vi Alexander Lyles,DEM,1,209,105,0,0,314,Y
310,7132,MECKLENBURG,7/26/22,223.1,1,C,CITY OF CHARLOTTE MAYOR,Stephanie de Sarachaga-Bilbao,REP,1,234,34,0,0,268,Y
311,7133,MECKLENBURG,7/26/22,223.1,1,C,CITY OF CHARLOTTE MAYOR,Vi Alexander Lyles,DEM,1,336,124,0,0,460,Y
312,7641,MECKLENBURG,7/26/22,224,1,C,CITY OF CHARLOTTE MAYOR,Stephanie de Sarachaga-Bilbao,REP,1,25,5,0,0,30,Y
313,7642,MECKLENBURG,7/26/22,224,1,C,CITY OF CHARLOTTE MAYOR,Vi Alexander Lyles,DEM,1,53,35,0,0,88,Y
314,7661,MECKLENBURG,7/26/22,225,1,C,CITY OF CHARLOTTE MAYOR,Stephanie de Sarachaga-Bilbao,REP,1,0,0,0,0,0,Y
315,7662,MECKLENBURG,7/26/22,225,1,C,CITY OF CHARLOTTE MAYOR,Vi Alexander Lyles,DEM,1,0,0,0,0,0,Y
316,7681,MECKLENBURG,7/26/22,226,1,C,CITY OF CHARLOTTE MAYOR,Stephanie de Sarachaga-Bilbao,REP,1,181,126,0,0,307,Y
317,7682,MECKLENBURG,7/26/22,226,1,C,CITY OF CHARLOTTE MAYOR,Vi Alexander Lyles,DEM,1,133,157,0,0,290,Y
318,7704,MECKLENBURG,7/26/22,227,1,C,CITY OF CHARLOTTE MAYOR,Stephanie de Sarachaga-Bilbao,REP,1,273,68,0,0,341,Y
319,7705,MECKLENBURG,7/26/22,227,1,C,CITY OF CHARLOTTE MAYOR,Vi Alexander Lyles,DEM,1,221,127,0,0,348,Y
320,7727,MECKLENBURG,7/26/22,228,1,C,CITY OF CHARLOTTE MAYOR,Stephanie de Sarachaga-Bilbao,REP,1,45,43,0,0,88,Y
321,7728,MECKLENBURG,7/26/22,228,1,C,CITY OF CHARLOTTE MAYOR,Vi Alexander Lyles,DEM,1,127,116,0,0,243,Y
322,7747,MECKLENBURG,7/26/22,229,1,C,CITY OF CHARLOTTE MAYOR,Stephanie de Sarachaga-Bilbao,REP,1,93,67,0,0,160,Y
323,7748,MECKLENBURG,7/26/22,229,1,C,CITY OF CHARLOTTE MAYOR,Vi Alexander Lyles,DEM,1,172,166,0,0,338,Y
324,7767,MECKLENBURG,7/26/22,230,1,C,CITY OF CHARLOTTE MAYOR,Stephanie de Sarachaga-Bilbao,REP,1,114,41,0,0,155,Y
325,7768,MECKLENBURG,7/26/22,230,1,C,CITY OF CHARLOTTE MAYOR,Vi Alexander Lyles,DEM,1,335,251,0,0,586,Y
326,7787,MECKLENBURG,7/26/22,232,1,C,CITY OF CHARLOTTE MAYOR,Stephanie de Sarachaga-Bilbao,REP,1,328,143,0,0,471,Y
327,7788,MECKLENBURG,7/26/22,232,1,C,CITY OF CHARLOTTE MAYOR,Vi Alexander Lyles,DEM,1,198,162,0,0,360,Y
328,7810,MECKLENBURG,7/26/22,237,1,C,CITY OF CHARLOTTE MAYOR,Stephanie de Sarachaga-Bilbao,REP,1,36,12,0,0,48,Y
329,7811,MECKLENBURG,7/26/22,237,1,C,CITY OF CHARLOTTE MAYOR,Vi Alexander Lyles,DEM,1,137,106,0,0,243,Y
330,7829,MECKLENBURG,7/26/22,238.1,1,C,CITY OF CHARLOTTE MAYOR,Stephanie de Sarachaga-Bilbao,REP,1,73,25,0,0,98,Y
331,7830,MECKLENBURG,7/26/22,238.1,1,C,CITY OF CHARLOTTE MAYOR,Vi Alexander Lyles,DEM,1,217,84,0,0,301,Y
332,7848,MECKLENBURG,7/26/22,239,1,C,CITY OF CHARLOTTE MAYOR,Stephanie de Sarachaga-Bilbao,REP,1,64,12,0,0,76,Y
333,7849,MECKLENBURG,7/26/22,239,1,C,CITY OF CHARLOTTE MAYOR,Vi Alexander Lyles,DEM,1,200,105,0,0,305,Y
334,7867,MECKLENBURG,7/26/22,243,1,C,CITY OF CHARLOTTE MAYOR,Stephanie de Sarachaga-Bilbao,REP,1,100,44,0,0,144,Y
335,7868,MECKLENBURG,7/26/22,243,1,C,CITY OF CHARLOTTE MAYOR,Vi Alexander Lyles,DEM,1,181,175,0,0,356,Y
336,7887,MECKLENBURG,7/26/22,ABSENTEE BY MAIL,1,C,CITY OF CHARLOTTE MAYOR,Stephanie de Sarachaga-Bilbao,REP,1,0,0,428,0,428,N
337,7888,MECKLENBURG,7/26/22,ABSENTEE BY MAIL,1,C,CITY OF CHARLOTTE MAYOR,Vi Alexander Lyles,DEM,1,0,0,1645,0,1645,N
