,Unnamed: 0,id,prec_id,enr_desc,county_nam,of_prec_id,county_id,blockid,total_vap,hs_grad,scol_nd,bach_deg
4,4,71,007,007,MECKLENBURG,,60,,2240.0,332.0,514.0,655.0
18,18,6,001,001,MECKLENBURG,,60,,1329.0,131.0,169.0,545.0
19,19,44,003,003,MECKLENBURG,,60,,2400.0,677.0,585.0,222.0
41,41,26,002,002,MECKLENBURG,,60,,3483.0,355.0,379.0,1641.0
64,64,51,004,004,MECKLENBURG,,60,,2423.0,923.0,566.0,568.0
73,73,58,005,005,MECKLENBURG,,60,,1637.0,368.0,456.0,330.0
74,74,65,006,006,MECKLENBURG,,60,,2772.0,865.0,883.0,305.0
87,87,76,008,008,MECKLENBURG,,60,,3664.0,237.0,683.0,1466.0
89,89,80,009,009,MECKLENBURG,,60,,6044.0,474.0,364.0,3162.0
125,125,171,012,012,MECKLENBURG,,60,,2862.0,610.0,1104.0,349.0
161,161,159,010,010,MECKLENBURG,,60,,2697.0,102.0,150.0,1473.0
183,183,167,011,011,MECKLENBURG,,60,,8669.0,769.0,1590.0,3570.0
189,189,228,020,020,MECKLENBURG,,60,,1804.0,134.0,131.0,742.0
198,198,176,013,013,MECKLENBURG,,60,,5885.0,1014.0,1023.0,1896.0
200,200,177,014,014,MECKLENBURG,,60,,4858.0,1039.0,926.0,1706.0
201,201,235,021,021,MECKLENBURG,,60,,2518.0,120.0,334.0,1118.0
206,206,242,024,024,MECKLENBURG,,60,,3583.0,746.0,708.0,1174.0
207,207,183,015,015,MECKLENBURG,,60,,4391.0,236.0,573.0,2297.0
211,211,185,016,016,MECKLENBURG,,60,,1131.0,535.0,272.0,13.0
214,214,186,017,017,MECKLENBURG,,60,,2426.0,917.0,688.0,308.0
217,217,189,018,018,MECKLENBURG,,60,,1936.0,42.0,162.0,926.0
223,223,191,019,019,MECKLENBURG,,60,,1400.0,48.0,250.0,718.0
254,254,239,022,022,MECKLENBURG,,60,,9568.0,958.0,811.0,5407.0
256,256,241,023,023,MECKLENBURG,,60,,1817.0,297.0,286.0,702.0
257,257,245,025,025,MECKLENBURG,,60,,1941.0,468.0,742.0,101.0
259,259,247,026,026,MECKLENBURG,,60,,3116.0,557.0,1201.0,559.0
261,261,249,027,027,MECKLENBURG,,60,,3367.0,794.0,811.0,622.0
262,262,250,028,028,MECKLENBURG,,60,,2596.0,420.0,593.0,768.0
266,266,255,029,029,MECKLENBURG,,60,,2009.0,647.0,379.0,221.0
271,271,282,030,030,MECKLENBURG,,60,,3615.0,461.0,579.0,1339.0
284,284,296,034,034,MECKLENBURG,,60,,3611.0,774.0,619.0,1189.0
297,297,297,035,035,MECKLENBURG,,60,,1890.0,55.0,145.0,675.0
304,304,287,031,031,MECKLENBURG,,60,,2864.0,626.0,759.0,470.0
305,305,288,032,032,MECKLENBURG,,60,,910.0,21.0,52.0,484.0
308,308,293,033,033,MECKLENBURG,,60,,2021.0,417.0,345.0,737.0
310,310,301,036,036,MECKLENBURG,,60,,3457.0,178.0,466.0,1370.0
311,311,302,037,037,MECKLENBURG,,60,,2713.0,94.0,383.0,1503.0
313,313,305,038,038,MECKLENBURG,,60,,3135.0,581.0,922.0,1090.0
318,318,308,039,039,MECKLENBURG,,60,,2701.0,812.0,789.0,298.0
346,346,368,040,040,MECKLENBURG,,60,,3014.0,1013.0,746.0,360.0
358,358,375,042,042,MECKLENBURG,,60,,3047.0,633.0,1263.0,418.0
360,360,376,043,043,MECKLENBURG,,60,,2692.0,1031.0,634.0,187.0
367,367,380,045,045,MECKLENBURG,,60,,2594.0,720.0,525.0,520.0
372,372,383,048,048,MECKLENBURG,,60,,2126.0,149.0,219.0,1071.0
375,375,384,049,049,MECKLENBURG,,60,,3257.0,125.0,360.0,1665.0
390,390,372,041,041,MECKLENBURG,,60,,4194.0,1263.0,1009.0,389.0
392,392,379,044,044,MECKLENBURG,,60,,2216.0,53.0,222.0,999.0
393,393,381,046,046,MECKLENBURG,,60,,3276.0,889.0,605.0,1075.0
394,394,382,047,047,MECKLENBURG,,60,,2436.0,229.0,294.0,1145.0
413,413,411,050,050,MECKLENBURG,,60,,1591.0,312.0,141.0,777.0
417,417,469,065,065,MECKLENBURG,,60,,907.0,56.0,204.0,164.0
418,418,415,051,051,MECKLENBURG,,60,,2842.0,404.0,389.0,1231.0
419,419,418,052,052,MECKLENBURG,,60,,2368.0,769.0,469.0,443.0
420,420,422,054,054,MECKLENBURG,,60,,3359.0,805.0,862.0,597.0
421,421,420,053,053,MECKLENBURG,,60,,5074.0,1918.0,685.0,576.0
422,422,425,056,056,MECKLENBURG,,60,,1909.0,711.0,514.0,113.0
423,423,424,055,055,MECKLENBURG,,60,,1676.0,768.0,315.0,164.0
425,425,426,057,057,MECKLENBURG,,60,,3287.0,329.0,421.0,1121.0
427,427,427,058,058,MECKLENBURG,,60,,1564.0,72.0,224.0,834.0
429,429,428,059,059,MECKLENBURG,,60,,1115.0,259.0,173.0,266.0
446,446,465,063,063,MECKLENBURG,,60,,2674.0,781.0,1027.0,318.0
457,457,466,064,064,MECKLENBURG,,60,,1436.0,287.0,433.0,290.0
458,458,456,060,060,MECKLENBURG,,60,,1867.0,633.0,459.0,352.0
461,461,460,061,061,MECKLENBURG,,60,,3405.0,1018.0,1098.0,461.0
462,462,462,062,062,MECKLENBURG,,60,,2479.0,653.0,918.0,412.0
467,467,471,066,066,MECKLENBURG,,60,,1527.0,163.0,207.0,683.0
468,468,474,067,067,MECKLENBURG,,60,,1256.0,29.0,131.0,780.0
469,469,476,068,068,MECKLENBURG,,60,,2668.0,430.0,644.0,1096.0
470,470,477,069,069,MECKLENBURG,,60,,3591.0,99.0,431.0,1278.0
506,506,524,072,072,MECKLENBURG,,60,,1823.0,101.0,81.0,891.0
513,513,518,070,070,MECKLENBURG,,60,,1711.0,183.0,97.0,708.0
516,516,521,071,071,MECKLENBURG,,60,,1921.0,78.0,174.0,810.0
518,518,525,073,073,MECKLENBURG,,60,,1963.0,95.0,443.0,734.0
522,522,527,074,074,MECKLENBURG,,60,,3288.0,196.0,404.0,1641.0
532,532,530,075,075,MECKLENBURG,,60,,3294.0,41.0,363.0,1643.0
533,533,531,076,076,MECKLENBURG,,60,,2910.0,184.0,524.0,1248.0
534,534,532,077,077,MECKLENBURG,,60,,3523.0,1189.0,971.0,415.0
536,536,533,078.1,078.1,MECKLENBURG,,60,,4260.0,1204.0,857.0,1264.0
537,537,534,079,079,MECKLENBURG,,60,,3271.0,950.0,821.0,613.0
561,561,614,095,095,MECKLENBURG,,60,,2479.0,792.0,656.0,340.0
573,573,565,080,080,MECKLENBURG,,60,,4817.0,1388.0,1369.0,663.0
577,577,569,081,081,MECKLENBURG,,60,,6090.0,2085.0,1534.0,481.0
581,581,572,082,082,MECKLENBURG,,60,,4125.0,1223.0,1347.0,436.0
583,583,615,096,096,MECKLENBURG,,60,,1454.0,313.0,373.0,381.0
584,584,574,083,083,MECKLENBURG,,60,,3977.0,1314.0,874.0,719.0
585,585,575,084,084,MECKLENBURG,,60,,2807.0,819.0,609.0,552.0
586,586,576,085,085,MECKLENBURG,,60,,2991.0,201.0,642.0,1039.0
587,587,618,099,099,MECKLENBURG,,60,,3555.0,1134.0,1032.0,553.0
592,592,577,086,086,MECKLENBURG,,60,,1270.0,95.0,95.0,580.0
593,593,578,087,087,MECKLENBURG,,60,,2410.0,409.0,861.0,491.0
594,594,579,088,088,MECKLENBURG,,60,,3312.0,623.0,754.0,1084.0
595,595,580,089,089,MECKLENBURG,,60,,7092.0,1545.0,1810.0,1094.0
619,619,605,090,090,MECKLENBURG,,60,,1440.0,187.0,297.0,521.0
622,622,609,091,091,MECKLENBURG,,60,,4449.0,537.0,438.0,1899.0
624,624,611,092,092,MECKLENBURG,,60,,2838.0,268.0,368.0,1353.0
626,626,612,093,093,MECKLENBURG,,60,,2085.0,239.0,183.0,940.0
628,628,613,094,094,MECKLENBURG,,60,,3736.0,759.0,1335.0,623.0
629,629,616,097,097,MECKLENBURG,,60,,1660.0,470.0,353.0,580.0
630,630,617,098,098,MECKLENBURG,,60,,2839.0,785.0,714.0,654.0
638,638,672,109,109,MECKLENBURG,,60,,3478.0,163.0,388.0,1737.0
652,652,649,100,100,MECKLENBURG,,60,,2832.0,203.0,497.0,1409.0
656,656,653,101,101,MECKLENBURG,,60,,3125.0,205.0,709.0,1110.0
659,659,656,102,102,MECKLENBURG,,60,,4563.0,1011.0,1044.0,1267.0
661,661,658,103,103,MECKLENBURG,,60,,4108.0,522.0,595.0,1606.0
663,663,660,104,104,MECKLENBURG,,60,,4287.0,1557.0,1041.0,565.0
669,669,664,105,105,MECKLENBURG,,60,,4607.0,907.0,1708.0,936.0
670,670,665,106,106,MECKLENBURG,,60,,1759.0,97.0,144.0,774.0
673,673,668,107.1,107.1,MECKLENBURG,,60,,4621.0,986.0,1077.0,1070.0
675,675,670,108,108,MECKLENBURG,,60,,2654.0,762.0,464.0,344.0
697,697,699,110,110,MECKLENBURG,,60,,672.0,70.0,54.0,377.0
703,703,706,111,111,MECKLENBURG,,60,,2875.0,138.0,370.0,1228.0
705,705,708,112,112,MECKLENBURG,,60,,2208.0,256.0,224.0,898.0
706,706,710,113,113,MECKLENBURG,,60,,3302.0,165.0,584.0,1426.0
709,709,713,114,114,MECKLENBURG,,60,,2849.0,281.0,662.0,1208.0
710,710,719,118,118,MECKLENBURG,,60,,2689.0,355.0,331.0,990.0
713,713,714,115,115,MECKLENBURG,,60,,1834.0,706.0,547.0,388.0
717,717,716,116,116,MECKLENBURG,,60,,2021.0,638.0,579.0,262.0
718,718,717,117,117,MECKLENBURG,,60,,2406.0,381.0,777.0,560.0
720,720,722,119,119,MECKLENBURG,,60,,1763.0,310.0,173.0,699.0
752,752,760,120,120,MECKLENBURG,,60,,3175.0,840.0,875.0,915.0
760,760,785,126,126,MECKLENBURG,,60,,4349.0,499.0,1032.0,1315.0
762,762,768,121,121,MECKLENBURG,,60,,4202.0,541.0,523.0,1791.0
765,765,773,122,122,MECKLENBURG,,60,,6571.0,1115.0,1889.0,1769.0
766,766,774,123,123,MECKLENBURG,,60,,3009.0,624.0,823.0,852.0
771,771,778,124,124,MECKLENBURG,,60,,2431.0,668.0,746.0,522.0
773,773,780,125,125,MECKLENBURG,,60,,1555.0,425.0,431.0,230.0
776,776,787,127,127,MECKLENBURG,,60,,5205.0,364.0,551.0,2408.0
778,778,789,128,128,MECKLENBURG,,60,,3200.0,653.0,729.0,812.0
779,779,792,129,129,MECKLENBURG,,60,,1752.0,273.0,628.0,524.0
805,805,827,130,130,MECKLENBURG,,60,,2620.0,867.0,536.0,496.0
834,834,831,131,131,MECKLENBURG,,60,,1723.0,150.0,241.0,726.0
835,835,832,132,132,MECKLENBURG,,60,,1901.0,263.0,509.0,387.0
836,836,834,133,133,MECKLENBURG,,60,,5091.0,489.0,1234.0,1894.0
837,837,836,134,134,MECKLENBURG,,60,,6192.0,879.0,1520.0,1941.0
838,838,1059,200,200,MECKLENBURG,,60,,3571.0,996.0,553.0,830.0
840,840,837,135,135,MECKLENBURG,,60,,6875.0,1020.0,1698.0,1950.0
841,841,838,136,136,MECKLENBURG,,60,,2555.0,254.0,695.0,970.0
842,842,839,137,137,MECKLENBURG,,60,,5735.0,569.0,675.0,2178.0
843,843,841,139.1,139.1,MECKLENBURG,,60,,3324.0,438.0,618.0,1344.0
846,846,840,138,138,MECKLENBURG,,60,,6238.0,2395.0,1404.0,1199.0
851,851,871,144,144,MECKLENBURG,,60,,3464.0,293.0,435.0,1722.0
856,856,874,147,147,MECKLENBURG,,60,,4483.0,784.0,995.0,1032.0
871,871,863,140,140,MECKLENBURG,,60,,6116.0,622.0,1234.0,2256.0
876,876,868,141,141,MECKLENBURG,,60,,7676.0,1117.0,4480.0,771.0
877,877,869,142,142,MECKLENBURG,,60,,8288.0,1043.0,1852.0,3026.0
878,878,870,143,143,MECKLENBURG,,60,,6535.0,647.0,1203.0,2325.0
879,879,872,145,145,MECKLENBURG,,60,,10016.0,1446.0,1835.0,3313.0
880,880,873,146,146,MECKLENBURG,,60,,6008.0,1181.0,1692.0,1478.0
882,882,875,148,148,MECKLENBURG,,60,,10421.0,1151.0,1905.0,3663.0
884,884,876,149,149,MECKLENBURG,,60,,6824.0,759.0,1903.0,2263.0
906,906,900,150,150,MECKLENBURG,,60,,2848.0,871.0,600.0,737.0
919,919,913,151,151,MECKLENBURG,,60,,5252.0,650.0,1597.0,1542.0
1005,1005,1066,204.1,204.1,MECKLENBURG,,60,,7148.0,795.0,2481.0,2110.0
1008,1008,1070,206,206,MECKLENBURG,,60,,5794.0,859.0,1974.0,1385.0
1064,1064,1060,201,201,MECKLENBURG,,60,,8397.0,1882.0,2452.0,1806.0
1066,1066,1062,202,202,MECKLENBURG,,60,,11459.0,2194.0,2318.0,3609.0
1067,1067,1092,218,218,MECKLENBURG,,60,,2627.0,576.0,685.0,792.0
1068,1068,1063,203,203,MECKLENBURG,,60,,7667.0,1696.0,1788.0,1929.0
1069,1069,1068,205,205,MECKLENBURG,,60,,4215.0,856.0,1177.0,1100.0
1070,1070,1072,207,207,MECKLENBURG,,60,,3604.0,613.0,849.0,1261.0
1072,1072,1073,208,208,MECKLENBURG,,60,,4137.0,445.0,885.0,1563.0
1073,1073,1074,209,209,MECKLENBURG,,60,,5381.0,906.0,1004.0,1630.0
1078,1078,1084,210,210,MECKLENBURG,,60,,8376.0,1878.0,2278.0,1872.0
1079,1079,1085,211,211,MECKLENBURG,,60,,13134.0,1833.0,2550.0,4684.0
1080,1080,1086,212,212,MECKLENBURG,,60,,15175.0,1785.0,3540.0,4494.0
1081,1081,1087,213,213,MECKLENBURG,,60,,5365.0,974.0,1583.0,1231.0
1082,1082,1088,214,214,MECKLENBURG,,60,,3912.0,498.0,749.0,1346.0
1083,1083,1089,215,215,MECKLENBURG,,60,,3739.0,739.0,697.0,1331.0
1084,1084,1090,216,216,MECKLENBURG,,60,,6697.0,1599.0,1325.0,2263.0
1085,1085,1130,237,237,MECKLENBURG,,60,,5163.0,1063.0,1106.0,1296.0
1086,1086,1091,217,217,MECKLENBURG,,60,,3199.0,537.0,565.0,1272.0
1087,1087,1093,219,219,MECKLENBURG,,60,,2581.0,615.0,685.0,403.0
1089,1089,1131,238.1,238.1,MECKLENBURG,,60,,1332.0,239.0,420.0,337.0
1100,1100,1103,220,220,MECKLENBURG,,60,,4311.0,939.0,1182.0,1081.0
1101,1101,1104,221,221,MECKLENBURG,,60,,4511.0,1046.0,906.0,1401.0
1102,1102,1105,222,222,MECKLENBURG,,60,,5603.0,1142.0,1794.0,1013.0
1103,1103,1106,223.1,223.1,MECKLENBURG,,60,,8086.0,1685.0,1928.0,2438.0
1104,1104,1107,224,224,MECKLENBURG,,60,,2371.0,625.0,399.0,500.0
1105,1105,1108,225,225,MECKLENBURG,,60,,3078.0,617.0,754.0,835.0
1106,1106,1109,226,226,MECKLENBURG,,60,,3364.0,493.0,669.0,1377.0
1109,1109,1110,227,227,MECKLENBURG,,60,,7671.0,1089.0,1328.0,3144.0
1113,1113,1111,228,228,MECKLENBURG,,60,,5365.0,1049.0,1082.0,1877.0
1115,1115,1112,229,229,MECKLENBURG,,60,,11691.0,1735.0,2769.0,4069.0
1125,1125,1123,230,230,MECKLENBURG,,60,,11593.0,2234.0,2667.0,3662.0
1126,1126,1124,231,231,MECKLENBURG,,60,,5090.0,691.0,1420.0,1908.0
1127,1127,1125,232,232,MECKLENBURG,,60,,5032.0,433.0,970.0,2106.0
1128,1128,1126,233,233,MECKLENBURG,,60,,4091.0,618.0,621.0,1743.0
1129,1129,1127,234,234,MECKLENBURG,,60,,3847.0,1202.0,756.0,927.0
1130,1130,1128,235,235,MECKLENBURG,,60,,1682.0,412.0,445.0,317.0
1131,1131,1129,236,236,MECKLENBURG,,60,,5742.0,1104.0,1340.0,1839.0
1132,1132,1132,239,239,MECKLENBURG,,60,,3240.0,460.0,722.0,1016.0
1144,1144,1143,240,240,MECKLENBURG,,60,,7642.0,896.0,1604.0,2792.0
1145,1145,1144,241,241,MECKLENBURG,,60,,7966.0,1229.0,1214.0,2918.0
1153,1153,1145,242,242,MECKLENBURG,,60,,4577.0,475.0,814.0,1941.0
1154,1154,1146,243,243,MECKLENBURG,,60,,12455.0,2254.0,2746.0,3831.0
